time,signal
0,-87.07105269
0.005760037,-87.02874711
0.011520074,-86.98644153
0.017280111,-86.94413595
0.023040147,-86.90183036
0.028800184,-86.85952478
0.034560221,-86.8172192
0.040320258,-86.77491362
0.046080295,-86.73260804
0.051840332,-86.69030245
0.057600369,-86.73680686
0.063360406,-86.69450128
0.069120442,-86.6521957
0.074880479,-86.60989012
0.080640516,-86.56758453
0.086400553,-86.52527895
0.09216059,-86.48297337
0.097920627,-86.44066779
0.103680664,-86.3983622
0.1094407,-86.35605662
0.115200737,-86.28903083
0.120960774,-86.24672525
0.126720811,-86.20441966
0.132480848,-86.16211408
0.138240885,-86.1198085
0.144000922,-86.07750292
0.149760958,-86.03519734
0.155520995,-85.99289175
0.161281032,-85.95058617
0.167041069,-85.90828059
0.172801106,-85.85962071
0.178561143,-85.81731512
0.18432118,-85.77500954
0.190081217,-85.73270396
0.195841253,-85.69039838
0.20160129,-85.6480928
0.207361327,-85.60578721
0.213121364,-85.56348163
0.218881401,-85.52117605
0.224641438,-85.47887047
0.230401475,-85.53285345
0.236161511,-85.49054786
0.241921548,-85.44824228
0.247681585,-85.4059367
0.253441622,-85.36363112
0.259201659,-85.32132553
0.264961696,-85.27901995
0.270721733,-85.23671437
0.276481769,-85.19440879
0.282241806,-85.15210321
0.288001843,-85.21115651
0.29376188,-85.16885093
0.299521917,-85.12654534
0.305281954,-85.08423976
0.311041991,-85.04193418
0.316802028,-84.9996286
0.322562064,-84.95732302
0.328322101,-84.91501743
0.334082138,-84.87271185
0.339842175,-84.83040627
0.345602212,-84.75687388
0.351362249,-84.71456829
0.357122286,-84.67226271
0.362882322,-84.62995713
0.368642359,-84.58765155
0.374402396,-84.54534597
0.380162433,-84.50304038
0.38592247,-84.4607348
0.391682507,-84.41842922
0.397442544,-84.37612364
0.40320258,-84.4723022
0.408962617,-84.42999662
0.414722654,-84.38769104
0.420482691,-84.34538546
0.426242728,-84.30307987
0.432002765,-84.26077429
0.437762802,-84.21846871
0.443522839,-84.17616313
0.449282875,-84.13385755
0.455042912,-84.09155196
0.460802949,-84.02949073
0.466562986,-83.98718515
0.472323023,-83.94487957
0.47808306,-83.90257398
0.483843097,-83.8602684
0.489603133,-83.81796282
0.49536317,-83.77565724
0.501123207,-83.73335165
0.506883244,-83.69104607
0.512643281,-83.64874049
0.518403318,-83.74764036
0.524163355,-83.70533478
0.529923392,-83.6630292
0.535683428,-83.62072362
0.541443465,-83.57841803
0.547203502,-83.53611245
0.552963539,-83.49380687
0.558723576,-83.45150129
0.564483613,-83.40919571
0.57024365,-83.36689012
0.576003686,-83.21050331
0.581763723,-83.16819772
0.58752376,-83.12589214
0.593283797,-83.08358656
0.599043834,-83.04128098
0.604803871,-82.99897539
0.610563908,-82.95666981
0.616323944,-82.91436423
0.622083981,-82.87205865
0.627844018,-82.82975307
0.633604055,-82.86800683
0.639364092,-82.82570125
0.645124129,-82.78339566
0.650884166,-82.74109008
0.656644203,-82.6987845
0.662404239,-82.65647892
0.668164276,-82.61417334
0.673924313,-82.57186775
0.67968435,-82.52956217
0.685444387,-82.48725659
0.691204424,-81.19243395
0.696964461,-81.15012837
0.702724497,-81.10782279
0.708484534,-81.0655172
0.714244571,-81.02321162
0.720004608,-80.98090604
0.725764645,-80.93860046
0.731524682,-80.89629488
0.737284719,-80.85398929
0.743044755,-80.81168371
0.748804792,-80.79431727
0.754564829,-80.75201169
0.760324866,-80.7097061
0.766084903,-80.66740052
0.77184494,-80.62509494
0.777604977,-80.58278936
0.783365014,-80.54048378
0.78912505,-80.49817819
0.794885087,-80.45587261
0.800645124,-80.41356703
0.806405161,-80.44420261
0.812165198,-80.40189703
0.817925235,-80.35959145
0.823685272,-80.31728587
0.829445308,-80.27498028
0.835205345,-80.2326747
0.840965382,-80.19036912
0.846725419,-80.14806354
0.852485456,-80.10575796
0.858245493,-80.06345237
0.86400553,-80.0851361
0.869765566,-80.04283052
0.875525603,-80.00052493
0.88128564,-79.95821935
0.887045677,-79.91591377
0.892805714,-79.87360819
0.898565751,-79.83130261
0.904325788,-79.78899702
0.910085825,-79.74669144
0.915845861,-79.70438586
0.921605898,-79.6214648
0.927365935,-79.57915922
0.933125972,-79.53685364
0.938886009,-79.49454805
0.944646046,-79.45224247
0.950406083,-79.40993689
0.956166119,-79.36763131
0.961926156,-79.32532572
0.967686193,-79.28302014
0.97344623,-79.24071456
0.979206267,-79.28571289
0.984966304,-79.24340731
0.990726341,-79.20110173
0.996486378,-79.15879614
1.002246414,-79.11649056
1.008006451,-79.07418498
1.013766488,-79.0318794
1.019526525,-78.98957382
1.025286562,-78.94726823
1.031046599,-78.90496265
1.036806636,-78.76066148
1.042566672,-78.7183559
1.048326709,-78.67605032
1.054086746,-78.63374473
1.059846783,-78.59143915
1.06560682,-78.54913357
1.071366857,-78.50682799
1.077126894,-78.4645224
1.08288693,-78.42221682
1.088646967,-78.37991124
1.094407004,-78.44782439
1.100167041,-78.40551881
1.105927078,-78.36321323
1.111687115,-78.32090764
1.117447152,-78.27860206
1.123207189,-78.23629648
1.128967225,-78.1939909
1.134727262,-78.15168531
1.140487299,-78.10937973
1.146247336,-78.06707415
1.152007373,-78.11985988
1.15776741,-78.0775543
1.163527447,-78.03524872
1.169287483,-77.99294313
1.17504752,-77.95063755
1.180807557,-77.90833197
1.186567594,-77.86602639
1.192327631,-77.82372081
1.198087668,-77.78141522
1.203847705,-77.73910964
1.209607741,-77.6382214
1.215367778,-77.59591582
1.221127815,-77.55361024
1.226887852,-77.51130465
1.232647889,-77.46899907
1.238407926,-77.42669349
1.244167963,-77.38438791
1.249928,-77.34208233
1.255688036,-77.29977674
1.261448073,-77.25747116
1.26720811,-77.27863876
1.272968147,-77.23633318
1.278728184,-77.19402759
1.284488221,-77.15172201
1.290248258,-77.10941643
1.296008294,-77.06711085
1.301768331,-77.02480526
1.307528368,-76.98249968
1.313288405,-76.9401941
1.319048442,-76.89788852
1.324808479,-76.94276839
1.330568516,-76.90046281
1.336328553,-76.85815723
1.342088589,-76.81585165
1.347848626,-76.77354606
1.353608663,-76.73124048
1.3593687,-76.6889349
1.365128737,-76.64662932
1.370888774,-76.60432374
1.376648811,-76.56201815
1.382408847,-76.17756511
1.388168884,-76.13525953
1.393928921,-76.09295395
1.399688958,-76.05064837
1.405448995,-76.00834279
1.411209032,-75.9660372
1.416969069,-75.92373162
1.422729105,-75.88142604
1.428489142,-75.83912046
1.434249179,-75.79681487
1.440009216,-75.68004935
1.445769253,-75.63774377
1.45152929,-75.59543818
1.457289327,-75.5531326
1.463049364,-75.51082702
1.4688094,-75.46852144
1.474569437,-75.42621586
1.480329474,-75.38391027
1.486089511,-75.34160469
1.491849548,-75.29929911
1.497609585,-75.33409862
1.503369622,-75.29179304
1.509129658,-75.24948746
1.514889695,-75.20718188
1.520649732,-75.16487629
1.526409769,-75.12257071
1.532169806,-75.08026513
1.537929843,-75.03795955
1.54368988,-74.99565396
1.549449916,-74.95334838
1.555209953,-74.98938005
1.56096999,-74.94707446
1.566730027,-74.90476888
1.572490064,-74.8624633
1.578250101,-74.82015772
1.584010138,-74.77785213
1.589770175,-74.73554655
1.595530211,-74.69324097
1.601290248,-74.65093539
1.607050285,-74.6086298
1.612810322,-74.54900009
1.618570359,-74.5066945
1.624330396,-74.46438892
1.630090433,-74.42208334
1.635850469,-74.37977776
1.641610506,-74.33747217
1.647370543,-74.29516659
1.65313058,-74.25286101
1.658890617,-74.21055543
1.664650654,-74.16824984
1.670410691,-74.22494567
1.676170727,-74.18264009
1.681930764,-74.1403345
1.687690801,-74.09802892
1.693450838,-74.05572334
1.699210875,-74.01341776
1.704970912,-73.97111218
1.710730949,-73.92880659
1.716490986,-73.88650101
1.722251022,-73.84419543
1.728011059,-73.74972812
1.733771096,-73.70742254
1.739531133,-73.66511695
1.74529117,-73.62281137
1.751051207,-73.58050579
1.756811244,-73.53820021
1.76257128,-73.49589463
1.768331317,-73.45358904
1.774091354,-73.41128346
1.779851391,-73.36897788
1.785611428,-73.44143888
1.791371465,-73.3991333
1.797131502,-73.35682771
1.802891539,-73.31452213
1.808651575,-73.27221655
1.814411612,-73.22991097
1.820171649,-73.18760539
1.825931686,-73.1452998
1.831691723,-73.10299422
1.83745176,-73.06068864
1.843211797,-72.96740377
1.848971833,-72.92509819
1.85473187,-72.88279261
1.860491907,-72.84048702
1.866251944,-72.79818144
1.872011981,-72.75587586
1.877772018,-72.71357028
1.883532055,-72.6712647
1.889292091,-72.62895911
1.895052128,-72.58665353
1.900812165,-72.65231708
1.906572202,-72.6100115
1.912332239,-72.56770592
1.918092276,-72.52540033
1.923852313,-72.48309475
1.92961235,-72.44078917
1.935372386,-72.39848359
1.941132423,-72.35617801
1.94689246,-72.31387242
1.952652497,-72.27156684
1.958412534,-72.31283699
1.964172571,-72.27053141
1.969932608,-72.22822583
1.975692644,-72.18592025
1.981452681,-72.14361466
1.987212718,-72.10130908
1.992972755,-72.0590035
1.998732792,-72.01669792
2.004492829,-71.97439233
2.010252866,-71.93208675
2.016012902,-71.87472144
2.021772939,-71.83241586
2.027532976,-71.79011027
2.033293013,-71.74780469
2.03905305,-71.70549911
2.044813087,-71.66319353
2.050573124,-71.62088795
2.056333161,-71.57858236
2.062093197,-71.53627678
2.067853234,-71.4939712
2.073613271,-71.10298829
2.079373308,-71.06068271
2.085133345,-71.01837713
2.090893382,-70.97607155
2.096653419,-70.93376596
2.102413455,-70.89146038
2.108173492,-70.8491548
2.113933529,-70.80684922
2.119693566,-70.76454363
2.125453603,-70.72223805
2.13121364,-70.63637464
2.136973677,-70.59406906
2.142733713,-70.55176348
2.14849375,-70.50945789
2.154253787,-70.46715231
2.160013824,-70.42484673
2.165773861,-70.38254115
2.171533898,-70.34023556
2.177293935,-70.29792998
2.183053972,-70.2556244
2.188814008,-70.32911554
2.194574045,-70.28680996
2.200334082,-70.24450438
2.206094119,-70.20219879
2.211854156,-70.15989321
2.217614193,-70.11758763
2.22337423,-70.07528205
2.229134266,-70.03297647
2.234894303,-69.99067088
2.24065434,-69.9483653
2.246414377,-69.84818674
2.252174414,-69.80588116
2.257934451,-69.76357557
2.263694488,-69.72126999
2.269454525,-69.67896441
2.275214561,-69.63665883
2.280974598,-69.59435324
2.286734635,-69.55204766
2.292494672,-69.50974208
2.298254709,-69.4674365
2.304014746,-69.5023735
2.309774783,-69.46006792
2.315534819,-69.41776234
2.321294856,-69.37545676
2.327054893,-69.33315117
2.33281493,-69.29084559
2.338574967,-69.24854001
2.344335004,-69.20623443
2.350095041,-69.16392885
2.355855077,-69.12162326
2.361615114,-69.19125719
2.367375151,-69.14895161
2.373135188,-69.10664603
2.378895225,-69.06434045
2.384655262,-69.02203486
2.390415299,-68.97972928
2.396175336,-68.9374237
2.401935372,-68.89511812
2.407695409,-68.85281254
2.413455446,-68.81050695
2.419215483,-68.75232091
2.42497552,-68.71001533
2.430735557,-68.66770975
2.436495594,-68.62540416
2.44225563,-68.58309858
2.448015667,-68.540793
2.453775704,-68.49848742
2.459535741,-68.45618184
2.465295778,-68.41387625
2.471055815,-68.37157067
2.476815852,-68.43112953
2.482575888,-68.38882394
2.488335925,-68.34651836
2.494095962,-68.30421278
2.499855999,-68.2619072
2.505616036,-68.21960161
2.511376073,-68.17729603
2.51713611,-68.13499045
2.522896147,-68.09268487
2.528656183,-68.05037929
2.53441622,-67.96563274
2.540176257,-67.92332716
2.545936294,-67.88102158
2.551696331,-67.83871599
2.557456368,-67.79641041
2.563216405,-67.75410483
2.568976441,-67.71179925
2.574736478,-67.66949367
2.580496515,-67.62718808
2.586256552,-67.5848825
2.592016589,-67.65844768
2.597776626,-67.61614209
2.603536663,-67.57383651
2.609296699,-67.53153093
2.615056736,-67.48922535
2.620816773,-67.44691977
2.62657681,-67.40461418
2.632336847,-67.3623086
2.638096884,-67.32000302
2.643856921,-67.27769744
2.649616958,-67.20222322
2.655376994,-67.15991764
2.661137031,-67.11761205
2.666897068,-67.07530647
2.672657105,-67.03300089
2.678417142,-66.99069531
2.684177179,-66.94838972
2.689937216,-66.90608414
2.695697252,-66.86377856
2.701457289,-66.82147298
2.707217326,-66.87876002
2.712977363,-66.83645444
2.7187374,-66.79414886
2.724497437,-66.75184328
2.730257474,-66.70953769
2.736017511,-66.66723211
2.741777547,-66.62492653
2.747537584,-66.58262095
2.753297621,-66.54031537
2.759057658,-66.49800978
2.764817695,-65.91984265
2.770577732,-65.87753707
2.776337769,-65.83523149
2.782097805,-65.79292591
2.787857842,-65.75062033
2.793617879,-65.70831474
2.799377916,-65.66600916
2.805137953,-65.62370358
2.81089799,-65.581398
2.816658027,-65.53909241
2.822418063,-65.42220632
2.8281781,-65.37990074
2.833938137,-65.33759515
2.839698174,-65.29528957
2.845458211,-65.25298399
2.851218248,-65.21067841
2.856978285,-65.16837283
2.862738322,-65.12606724
2.868498358,-65.08376166
2.874258395,-65.04145608
2.880018432,-65.13043635
2.885778469,-65.08813077
2.891538506,-65.04582519
2.897298543,-65.0035196
2.90305858,-64.96121402
2.908818616,-64.91890844
2.914578653,-64.87660286
2.92033869,-64.83429728
2.926098727,-64.79199169
2.931858764,-64.74968611
2.937618801,-64.6891574
2.943378838,-64.64685182
2.949138874,-64.60454623
2.954898911,-64.56224065
2.960658948,-64.51993507
2.966418985,-64.47762949
2.972179022,-64.4353239
2.977939059,-64.39301832
2.983699096,-64.35071274
2.989459133,-64.30840716
2.995219169,-64.39706168
3.000979206,-64.35475609
3.006739243,-64.31245051
3.01249928,-64.27014493
3.018259317,-64.22783935
3.024019354,-64.18553377
3.029779391,-64.14322818
3.035539427,-64.1009226
3.041299464,-64.05861702
3.047059501,-64.01631144
3.052819538,-63.98291329
3.058579575,-63.94060771
3.064339612,-63.89830213
3.070099649,-63.85599655
3.075859686,-63.81369096
3.081619722,-63.77138538
3.087379759,-63.7290798
3.093139796,-63.68677422
3.098899833,-63.64446863
3.10465987,-63.60216305
3.110419907,-63.54656611
3.116179944,-63.50426053
3.12193998,-63.46195495
3.127700017,-63.41964936
3.133460054,-63.37734378
3.139220091,-63.3350382
3.144980128,-63.29273262
3.150740165,-63.25042704
3.156500202,-63.20812145
3.162260238,-63.16581587
3.168020275,-63.24975015
3.173780312,-63.20744456
3.179540349,-63.16513898
3.185300386,-63.1228334
3.191060423,-63.08052782
3.19682046,-63.03822223
3.202580497,-62.99591665
3.208340533,-62.95361107
3.21410057,-62.91130549
3.219860607,-62.86899991
3.225620644,-62.81726758
3.231380681,-62.774962
3.237140718,-62.73265642
3.242900755,-62.69035083
3.248660791,-62.64804525
3.254420828,-62.60573967
3.260180865,-62.56343409
3.265940902,-62.5211285
3.271700939,-62.47882292
3.277460976,-62.43651734
3.283221013,-62.37081783
3.288981049,-62.32851224
3.294741086,-62.28620666
3.300501123,-62.24390108
3.30626116,-62.2015955
3.312021197,-62.15928992
3.317781234,-62.11698433
3.323541271,-62.07467875
3.329301308,-62.03237317
3.335061344,-61.99006759
3.340821381,-62.08125515
3.346581418,-62.03894957
3.352341455,-61.99664399
3.358101492,-61.95433841
3.363861529,-61.91203282
3.369621566,-61.86972724
3.375381602,-61.82742166
3.381141639,-61.78511608
3.386901676,-61.74281049
3.392661713,-61.70050491
3.39842175,-61.61734271
3.404181787,-61.57503713
3.409941824,-61.53273155
3.41570186,-61.49042596
3.421461897,-61.44812038
3.427221934,-61.4058148
3.432981971,-61.36350922
3.438742008,-61.32120364
3.444502045,-61.27889805
3.450262082,-61.23659247
3.456022119,-60.87918222
3.461782155,-60.83687664
3.467542192,-60.79457105
3.473302229,-60.75226547
3.479062266,-60.70995989
3.484822303,-60.66765431
3.49058234,-60.62534872
3.496342377,-60.58304314
3.502102413,-60.54073756
3.50786245,-60.49843198
3.513622487,-60.41341151
3.519382524,-60.37110592
3.525142561,-60.32880034
3.530902598,-60.28649476
3.536662635,-60.24418918
3.542422672,-60.20188359
3.548182708,-60.15957801
3.553942745,-60.11727243
3.559702782,-60.07496685
3.565462819,-60.03266126
3.571222856,-60.11992816
3.576982893,-60.07762258
3.58274293,-60.035317
3.588502966,-59.99301141
3.594263003,-59.95070583
3.60002304,-59.90840025
3.605783077,-59.86609467
3.611543114,-59.82378909
3.617303151,-59.7814835
3.623063188,-59.73917792
3.628823224,-59.66774177
3.634583261,-59.62543619
3.640343298,-59.58313061
3.646103335,-59.54082502
3.651863372,-59.49851944
3.657623409,-59.45621386
3.663383446,-59.41390828
3.669143483,-59.37160269
3.674903519,-59.32929711
3.680663556,-59.28699153
3.686423593,-59.3671458
3.69218363,-59.32484022
3.697943667,-59.28253464
3.703703704,-59.24022905
3.709463741,-59.19792347
3.715223777,-59.15561789
3.720983814,-59.11331231
3.726743851,-59.07100672
3.732503888,-59.02870114
3.738263925,-58.98639556
3.744023962,-58.92216617
3.749783999,-58.87986058
3.755544035,-58.837555
3.761304072,-58.79524942
3.767064109,-58.75294384
3.772824146,-58.71063825
3.778584183,-58.66833267
3.78434422,-58.62602709
3.790104257,-58.58372151
3.795864294,-58.54141593
3.80162433,-58.60082037
3.807384367,-58.55851478
3.813144404,-58.5162092
3.818904441,-58.47390362
3.824664478,-58.43159804
3.830424515,-58.38929245
3.836184552,-58.34698687
3.841944588,-58.30468129
3.847704625,-58.26237571
3.853464662,-58.22007012
3.859224699,-58.10662453
3.864984736,-58.06431895
3.870744773,-58.02201337
3.87650481,-57.97970778
3.882264846,-57.9374022
3.888024883,-57.89509662
3.89378492,-57.85279104
3.899544957,-57.81048546
3.905304994,-57.76817987
3.911065031,-57.72587429
3.916825068,-57.81057112
3.922585105,-57.76826554
3.928345141,-57.72595996
3.934105178,-57.68365438
3.939865215,-57.64134879
3.945625252,-57.59904321
3.951385289,-57.55673763
3.957145326,-57.51443205
3.962905363,-57.47212647
3.968665399,-57.42982088
3.974425436,-57.2909655
3.980185473,-57.24865992
3.98594551,-57.20635433
3.991705547,-57.16404875
3.997465584,-57.12174317
4.003225621,-57.07943759
4.008985658,-57.037132
4.014745694,-56.99482642
4.020505731,-56.95252084
4.026265768,-56.91021526
4.032025805,-56.98674183
4.037785842,-56.94443624
4.043545879,-56.90213066
4.049305916,-56.85982508
4.055065952,-56.8175195
4.060825989,-56.77521391
4.066586026,-56.73290833
4.072346063,-56.69060275
4.0781061,-56.64829717
4.083866137,-56.60599158
4.089626174,-56.63757164
4.09538621,-56.59526606
4.101146247,-56.55296048
4.106906284,-56.5106549
4.112666321,-56.46834931
4.118426358,-56.42604373
4.124186395,-56.38373815
4.129946432,-56.34143257
4.135706469,-56.29912698
4.141466505,-56.2568214
4.147226542,-55.87517851
4.152986579,-55.83287293
4.158746616,-55.79056735
4.164506653,-55.74826176
4.17026669,-55.70595618
4.176026727,-55.6636506
4.181786763,-55.62134502
4.1875468,-55.57903944
4.193306837,-55.53673385
4.199066874,-55.49442827
4.204826911,-55.42321317
4.210586948,-55.38090759
4.216346985,-55.338602
4.222107021,-55.29629642
4.227867058,-55.25399084
4.233627095,-55.21168526
4.239387132,-55.16937967
4.245147169,-55.12707409
4.250907206,-55.08476851
4.256667243,-55.04246293
4.26242728,-55.10619311
4.268187316,-55.06388753
4.273947353,-55.02158195
4.27970739,-54.97927637
4.285467427,-54.93697078
4.291227464,-54.8946652
4.296987501,-54.85235962
4.302747538,-54.81005404
4.308507574,-54.76774845
4.314267611,-54.72544287
4.320027648,-54.66366191
4.325787685,-54.62135633
4.331547722,-54.57905075
4.337307759,-54.53674517
4.343067796,-54.49443958
4.348827832,-54.452134
4.354587869,-54.40982842
4.360347906,-54.36752284
4.366107943,-54.32521726
4.37186798,-54.28291167
4.377628017,-54.36779782
4.383388054,-54.32549224
4.389148091,-54.28318666
4.394908127,-54.24088108
4.400668164,-54.19857549
4.406428201,-54.15626991
4.412188238,-54.11396433
4.417948275,-54.07165875
4.423708312,-54.02935317
4.429468349,-53.98704758
4.435228385,-53.93897575
4.440988422,-53.89667017
4.446748459,-53.85436458
4.452508496,-53.812059
4.458268533,-53.76975342
4.46402857,-53.72744784
4.469788607,-53.68514225
4.475548644,-53.64283667
4.48130868,-53.60053109
4.487068717,-53.55822551
4.492828754,-53.64209421
4.498588791,-53.59978863
4.504348828,-53.55748304
4.510108865,-53.51517746
4.515868902,-53.47287188
4.521628938,-53.4305663
4.527388975,-53.38826071
4.533149012,-53.34595513
4.538909049,-53.30364955
4.544669086,-53.26134397
4.550429123,-53.12502269
4.55618916,-53.08271711
4.561949196,-53.04041152
4.567709233,-52.99810594
4.57346927,-52.95580036
4.579229307,-52.91349478
4.584989344,-52.87118919
4.590749381,-52.82888361
4.596509418,-52.78657803
4.602269455,-52.74427245
4.608029491,-52.83029239
4.613789528,-52.7879868
4.619549565,-52.74568122
4.625309602,-52.70337564
4.631069639,-52.66107006
4.636829676,-52.61876448
4.642589713,-52.57645889
4.648349749,-52.53415331
4.654109786,-52.49184773
4.659869823,-52.44954215
4.66562986,-52.3783207
4.671389897,-52.33601512
4.677149934,-52.29370953
4.682909971,-52.25140395
4.688670007,-52.20909837
4.694430044,-52.16679279
4.700190081,-52.1244872
4.705950118,-52.08218162
4.711710155,-52.03987604
4.717470192,-51.99757046
4.723230229,-52.05771207
4.728990266,-52.01540649
4.734750302,-51.97310091
4.740510339,-51.93079532
4.746270376,-51.88848974
4.752030413,-51.84618416
4.75779045,-51.80387858
4.763550487,-51.761573
4.769310524,-51.71926741
4.77507056,-51.67696183
4.780830597,-51.58112911
4.786590634,-51.53882353
4.792350671,-51.49651794
4.798110708,-51.45421236
4.803870745,-51.41190678
4.809630782,-51.3696012
4.815390819,-51.32729562
4.821150855,-51.28499003
4.826910892,-51.24268445
4.832670929,-51.20037887
4.838430966,-50.80677619
4.844191003,-50.76447061
4.84995104,-50.72216502
4.855711077,-50.67985944
4.861471113,-50.63755386
4.86723115,-50.59524828
4.872991187,-50.5529427
4.878751224,-50.51063711
4.884511261,-50.46833153
4.890271298,-50.42602595
4.896031335,-50.33795842
4.901791371,-50.29565283
4.907551408,-50.25334725
4.913311445,-50.21104167
4.919071482,-50.16873609
4.924831519,-50.12643051
4.930591556,-50.08412492
4.936351593,-50.04181934
4.94211163,-49.99951376
4.947871666,-49.95720818
4.953631703,-50.05481562
4.95939174,-50.01251003
4.965151777,-49.97020445
4.970911814,-49.92789887
4.976671851,-49.88559329
4.982431888,-49.8432877
4.988191924,-49.80098212
4.993951961,-49.75867654
4.999711998,-49.71637096
5.005472035,-49.67406537
5.011232072,-49.5526695
5.016992109,-49.51036392
5.022752146,-49.46805834
5.028512182,-49.42575276
5.034272219,-49.38344718
5.040032256,-49.34114159
5.045792293,-49.29883601
5.05155233,-49.25653043
5.057312367,-49.21422485
5.063072404,-49.17191926
5.068832441,-49.24166425
5.074592477,-49.19935866
5.080352514,-49.15705308
5.086112551,-49.1147475
5.091872588,-49.07244192
5.097632625,-49.03013633
5.103392662,-48.98783075
5.109152699,-48.94552517
5.114912735,-48.90321959
5.120672772,-48.86091401
5.126432809,-48.94029091
5.132192846,-48.89798533
5.137952883,-48.85567975
5.14371292,-48.81337416
5.149472957,-48.77106858
5.155232993,-48.728763
5.16099303,-48.68645742
5.166753067,-48.64415183
5.172513104,-48.60184625
5.178273141,-48.55954067
5.184033178,-48.49115052
5.189793215,-48.44884494
5.195553252,-48.40653936
5.201313288,-48.36423377
5.207073325,-48.32192819
5.212833362,-48.27962261
5.218593399,-48.23731703
5.224353436,-48.19501145
5.230113473,-48.15270586
5.23587351,-48.11040028
5.241633546,-48.17411355
5.247393583,-48.13180796
5.25315362,-48.08950238
5.258913657,-48.0471968
5.264673694,-48.00489122
5.270433731,-47.96258563
5.276193768,-47.92028005
5.281953805,-47.87797447
5.287713841,-47.83566889
5.293473878,-47.7933633
5.299233915,-47.67922813
5.304993952,-47.63692255
5.310753989,-47.59461697
5.316514026,-47.55231138
5.322274063,-47.5100058
5.328034099,-47.46770022
5.333794136,-47.42539464
5.339554173,-47.38308905
5.34531421,-47.34078347
5.351074247,-47.29847789
5.356834284,-47.37700868
5.362594321,-47.3347031
5.368354357,-47.29239752
5.374114394,-47.25009194
5.379874431,-47.20778635
5.385634468,-47.16548077
5.391394505,-47.12317519
5.397154542,-47.08086961
5.402914579,-47.03856403
5.408674616,-46.99625844
5.414434652,-47.06410813
5.420194689,-47.02180255
5.425954726,-46.97949697
5.431714763,-46.93719139
5.4374748,-46.89488581
5.443234837,-46.85258022
5.448994874,-46.81027464
5.45475491,-46.76796906
5.460514947,-46.72566348
5.466274984,-46.68335789
5.472035021,-46.59072242
5.477795058,-46.54841683
5.483555095,-46.50611125
5.489315132,-46.46380567
5.495075168,-46.42150009
5.500835205,-46.3791945
5.506595242,-46.33688892
5.512355279,-46.29458334
5.518115316,-46.25227776
5.523875353,-46.20997218
5.52963539,-45.64648085
5.535395427,-45.60417527
5.541155463,-45.56186969
5.5469155,-45.51956411
5.552675537,-45.47725853
5.558435574,-45.43495294
5.564195611,-45.39264736
5.569955648,-45.35034178
5.575715685,-45.3080362
5.581475721,-45.26573061
5.587235758,-45.30332864
5.592995795,-45.26102306
5.598755832,-45.21871748
5.604515869,-45.17641189
5.610275906,-45.13410631
5.616035943,-45.09180073
5.621795979,-45.04949515
5.627556016,-45.00718957
5.633316053,-44.96488398
5.63907609,-44.9225784
5.644836127,-44.82157805
5.650596164,-44.77927247
5.656356201,-44.73696689
5.662116238,-44.69466131
5.667876274,-44.65235572
5.673636311,-44.61005014
5.679396348,-44.56774456
5.685156385,-44.52543898
5.690916422,-44.48313339
5.696676459,-44.44082781
5.702436496,-44.50394457
5.708196532,-44.46163898
5.713956569,-44.4193334
5.719716606,-44.37702782
5.725476643,-44.33472224
5.73123668,-44.29241666
5.736996717,-44.25011107
5.742756754,-44.20780549
5.748516791,-44.16549991
5.754276827,-44.12319433
5.760036864,-44.04450383
5.765796901,-44.00219824
5.771556938,-43.95989266
5.777316975,-43.91758708
5.783077012,-43.8752815
5.788837049,-43.83297591
5.794597085,-43.79067033
5.800357122,-43.74836475
5.806117159,-43.70605917
5.811877196,-43.66375359
5.817637233,-43.74015112
5.82339727,-43.69784554
5.829157307,-43.65553996
5.834917343,-43.61323437
5.84067738,-43.57092879
5.846437417,-43.52862321
5.852197454,-43.48631763
5.857957491,-43.44401204
5.863717528,-43.40170646
5.869477565,-43.35940088
5.875237602,-43.26782727
5.880997638,-43.22552169
5.886757675,-43.18321611
5.892517712,-43.14091053
5.898277749,-43.09860494
5.904037786,-43.05629936
5.909797823,-43.01399378
5.91555786,-42.9716882
5.921317896,-42.92938261
5.927077933,-42.88707703
5.93283797,-42.97258402
5.938598007,-42.93027843
5.944358044,-42.88797285
5.950118081,-42.84566727
5.955878118,-42.80336169
5.961638154,-42.7610561
5.967398191,-42.71875052
5.973158228,-42.67644494
5.978918265,-42.63413936
5.984678302,-42.59183378
5.990438339,-42.51913163
5.996198376,-42.47682605
6.001958413,-42.43452047
6.007718449,-42.39221488
6.013478486,-42.3499093
6.019238523,-42.30760372
6.02499856,-42.26529814
6.030758597,-42.22299256
6.036518634,-42.18068697
6.042278671,-42.13838139
6.048038707,-42.20829348
6.053798744,-42.1659879
6.059558781,-42.12368231
6.065318818,-42.08137673
6.071078855,-42.03907115
6.076838892,-41.99676557
6.082598929,-41.95445999
6.088358965,-41.9121544
6.094119002,-41.86984882
6.099879039,-41.82754324
6.105639076,-41.77321018
6.111399113,-41.7309046
6.11715915,-41.68859901
6.122919187,-41.64629343
6.128679224,-41.60398785
6.13443926,-41.56168227
6.140199297,-41.51937668
6.145959334,-41.4770711
6.151719371,-41.43476552
6.157479408,-41.39245994
6.163239445,-41.47314514
6.168999482,-41.43083956
6.174759518,-41.38853398
6.180519555,-41.3462284
6.186279592,-41.30392281
6.192039629,-41.26161723
6.197799666,-41.21931165
6.203559703,-41.17700607
6.20931974,-41.13470049
6.215079777,-41.0923949
6.220839813,-40.56329167
6.22659985,-40.52098609
6.232359887,-40.47868051
6.238119924,-40.43637493
6.243879961,-40.39406934
6.249639998,-40.35176376
6.255400035,-40.30945818
6.261160071,-40.2671526
6.266920108,-40.22484702
6.272680145,-40.18254143
6.278440182,-40.27495375
6.284200219,-40.23264816
6.289960256,-40.19034258
6.295720293,-40.148037
6.301480329,-40.10573142
6.307240366,-40.06342583
6.313000403,-40.02112025
6.31876044,-39.97881467
6.324520477,-39.93650909
6.330280514,-39.89420351
6.336040551,-39.85757956
6.341800588,-39.81527398
6.347560624,-39.7729684
6.353320661,-39.73066281
6.359080698,-39.68835723
6.364840735,-39.64605165
6.370600772,-39.60374607
6.376360809,-39.56144049
6.382120846,-39.5191349
6.387880882,-39.47682932
6.393640919,-39.41217687
6.399400956,-39.36987129
6.405160993,-39.32756571
6.41092103,-39.28526012
6.416681067,-39.24295454
6.422441104,-39.20064896
6.42820114,-39.15834338
6.433961177,-39.1160378
6.439721214,-39.07373221
6.445481251,-39.03142663
6.451241288,-39.09470626
6.457001325,-39.05240068
6.462761362,-39.0100951
6.468521399,-38.96778952
6.474281435,-38.92548393
6.480041472,-38.88317835
6.485801509,-38.84087277
6.491561546,-38.79856719
6.497321583,-38.7562616
6.50308162,-38.71395602
6.508841657,-38.64528031
6.514601693,-38.60297473
6.52036173,-38.56066915
6.526121767,-38.51836356
6.531881804,-38.47605798
6.537641841,-38.4337524
6.543401878,-38.39144682
6.549161915,-38.34914123
6.554921952,-38.30683565
6.560681988,-38.26453007
6.566442025,-38.3439789
6.572202062,-38.30167331
6.577962099,-38.25936773
6.583722136,-38.21706215
6.589482173,-38.17475657
6.59524221,-38.13245098
6.601002246,-38.0901454
6.606762283,-38.04783982
6.61252232,-38.00553424
6.618282357,-37.96322865
6.624042394,-37.93888496
6.629802431,-37.89657938
6.635562468,-37.8542738
6.641322504,-37.81196822
6.647082541,-37.76966263
6.652842578,-37.72735705
6.658602615,-37.68505147
6.664362652,-37.64274589
6.670122689,-37.60044031
6.675882726,-37.55813472
6.681642763,-37.64780352
6.687402799,-37.60549794
6.693162836,-37.56319235
6.698922873,-37.52088677
6.70468291,-37.47858119
6.710442947,-37.43627561
6.716202984,-37.39397002
6.721963021,-37.35166444
6.727723057,-37.30935886
6.733483094,-37.26705328
6.739243131,-37.2431062
6.745003168,-37.20080062
6.750763205,-37.15849504
6.756523242,-37.11618946
6.762283279,-37.07388387
6.768043315,-37.03157829
6.773803352,-36.98927271
6.779563389,-36.94696713
6.785323426,-36.90466154
6.791083463,-36.86235596
6.7968435,-36.84047763
6.802603537,-36.79817205
6.808363574,-36.75586646
6.81412361,-36.71356088
6.819883647,-36.6712553
6.825643684,-36.62894972
6.831403721,-36.58664413
6.837163758,-36.54433855
6.842923795,-36.50203297
6.848683832,-36.45972739
6.854443868,-36.53393138
6.860203905,-36.4916258
6.865963942,-36.44932021
6.871723979,-36.40701463
6.877484016,-36.36470905
6.883244053,-36.32240347
6.88900409,-36.28009788
6.894764126,-36.2377923
6.900524163,-36.19548672
6.9062842,-36.15318114
6.912044237,-35.50597236
6.917804274,-35.46366677
6.923564311,-35.42136119
6.929324348,-35.37905561
6.935084385,-35.33675003
6.940844421,-35.29444445
6.946604458,-35.25213886
6.952364495,-35.20983328
6.958124532,-35.1675277
6.963884569,-35.12522212
6.969644606,-35.19395705
6.975404643,-35.15165147
6.981164679,-35.10934589
6.986924716,-35.06704031
6.992684753,-35.02473472
6.99844479,-34.98242914
7.004204827,-34.94012356
7.009964864,-34.89781798
7.015724901,-34.85551239
7.021484938,-34.81320681
7.027244974,-34.75616514
7.033005011,-34.71385955
7.038765048,-34.67155397
7.044525085,-34.62924839
7.050285122,-34.58694281
7.056045159,-34.54463722
7.061805196,-34.50233164
7.067565232,-34.46002606
7.073325269,-34.41772048
7.079085306,-34.3754149
7.084845343,-34.45513765
7.09060538,-34.41283207
7.096365417,-34.37052648
7.102125454,-34.3282209
7.10788549,-34.28591532
7.113645527,-34.24360974
7.119405564,-34.20130416
7.125165601,-34.15899857
7.130925638,-34.11669299
7.136685675,-34.07438741
7.142445712,-34.03125687
7.148205749,-33.98895128
7.153965785,-33.9466457
7.159725822,-33.90434012
7.165485859,-33.86203454
7.171245896,-33.81972895
7.177005933,-33.77742337
7.18276597,-33.73511779
7.188526007,-33.69281221
7.194286043,-33.65050663
7.20004608,-33.62403285
7.205806117,-33.58172727
7.211566154,-33.53942168
7.217326191,-33.4971161
7.223086228,-33.45481052
7.228846265,-33.41250494
7.234606301,-33.37019936
7.240366338,-33.32789377
7.246126375,-33.28558819
7.251886412,-33.24328261
7.257646449,-33.33177742
7.263406486,-33.28947184
7.269166523,-33.24716626
7.27492656,-33.20486068
7.280686596,-33.16255509
7.286446633,-33.12024951
7.29220667,-33.07794393
7.297966707,-33.03563835
7.303726744,-32.99333277
7.309486781,-32.95102718
7.315246818,-32.86117013
7.321006854,-32.81886454
7.326766891,-32.77655896
7.332526928,-32.73425338
7.338286965,-32.6919478
7.344047002,-32.64964221
7.349807039,-32.60733663
7.355567076,-32.56503105
7.361327112,-32.52272547
7.367087149,-32.48041989
7.372847186,-32.54721723
7.378607223,-32.50491164
7.38436726,-32.46260606
7.390127297,-32.42030048
7.395887334,-32.3779949
7.401647371,-32.33568931
7.407407407,-32.29338373
7.413167444,-32.25107815
7.418927481,-32.20877257
7.424687518,-32.16646698
7.430447555,-32.09589387
7.436207592,-32.05358829
7.441967629,-32.0112827
7.447727665,-31.96897712
7.453487702,-31.92667154
7.459247739,-31.88436596
7.465007776,-31.84206038
7.470767813,-31.79975479
7.47652785,-31.75744921
7.482287887,-31.71514363
7.488047924,-31.67400885
7.49380796,-31.63170327
7.499567997,-31.58939769
7.505328034,-31.5470921
7.511088071,-31.50478652
7.516848108,-31.46248094
7.522608145,-31.42017536
7.528368182,-31.37786978
7.534128218,-31.33556419
7.539888255,-31.29325861
7.545648292,-31.38531979
7.551408329,-31.34301421
7.557168366,-31.30070862
7.562928403,-31.25840304
7.56868844,-31.21609746
7.574448476,-31.17379188
7.580208513,-31.13148629
7.58596855,-31.08918071
7.591728587,-31.04687513
7.597488624,-31.00456955
7.603248661,-30.39542627
7.609008698,-30.35312069
7.614768735,-30.31081511
7.620528771,-30.26850952
7.626288808,-30.22620394
7.632048845,-30.18389836
7.637808882,-30.14159278
7.643568919,-30.0992872
7.649328956,-30.05698161
7.655088993,-30.01467603
7.660849029,-29.96090035
7.666609066,-29.91859476
7.672369103,-29.87628918
7.67812914,-29.8339836
7.683889177,-29.79167802
7.689649214,-29.74937243
7.695409251,-29.70706685
7.701169287,-29.66476127
7.706929324,-29.62245569
7.712689361,-29.58015011
7.718449398,-29.63746677
7.724209435,-29.59516118
7.729969472,-29.5528556
7.735729509,-29.51055002
7.741489546,-29.46824444
7.747249582,-29.42593885
7.753009619,-29.38363327
7.758769656,-29.34132769
7.764529693,-29.29902211
7.77028973,-29.25671652
7.776049767,-29.20828086
7.781809804,-29.16597528
7.78756984,-29.1236697
7.793329877,-29.08136412
7.799089914,-29.03905853
7.804849951,-28.99675295
7.810609988,-28.95444737
7.816370025,-28.91214179
7.822130062,-28.8698362
7.827890098,-28.82753062
7.833650135,-28.9390566
7.839410172,-28.89675101
7.845170209,-28.85444543
7.850930246,-28.81213985
7.856690283,-28.76983427
7.86245032,-28.72752869
7.868210357,-28.6852231
7.873970393,-28.64291752
7.87973043,-28.60061194
7.885490467,-28.55830636
7.891250504,-28.50948466
7.897010541,-28.46717907
7.902770578,-28.42487349
7.908530615,-28.38256791
7.914290651,-28.34026233
7.920050688,-28.29795674
7.925810725,-28.25565116
7.931570762,-28.21334558
7.937330799,-28.17104
7.943090836,-28.12873441
7.948850873,-28.07755524
7.95461091,-28.03524965
7.960370946,-27.99294407
7.966130983,-27.95063849
7.97189102,-27.90833291
7.977651057,-27.86602732
7.983411094,-27.82372174
7.989171131,-27.78141616
7.994931168,-27.73911058
8.000691204,-27.69680499
8.006451241,-27.77873293
8.012211278,-27.73642734
8.017971315,-27.69412176
8.023731352,-27.65181618
8.029491389,-27.6095106
8.035251426,-27.56720501
8.041011462,-27.52489943
8.046771499,-27.48259385
8.052531536,-27.44028827
8.058291573,-27.39798269
8.06405161,-27.32011186
8.069811647,-27.27780627
8.075571684,-27.23550069
8.081331721,-27.19319511
8.087091757,-27.15088953
8.092851794,-27.10858394
8.098611831,-27.06627836
8.104371868,-27.02397278
8.110131905,-26.9816672
8.115891942,-26.93936162
8.121651979,-27.02528954
8.127412015,-26.98298396
8.133172052,-26.94067838
8.138932089,-26.89837279
8.144692126,-26.85606721
8.150452163,-26.81376163
8.1562122,-26.77145605
8.161972237,-26.72915047
8.167732273,-26.68684488
8.17349231,-26.6445393
8.179252347,-26.61131567
8.185012384,-26.56901009
8.190772421,-26.5267045
8.196532458,-26.48439892
8.202292495,-26.44209334
8.208052532,-26.39978776
8.213812568,-26.35748217
8.219572605,-26.31517659
8.225332642,-26.27287101
8.231092679,-26.23056543
8.236852716,-26.28152673
8.242612753,-26.23922115
8.24837279,-26.19691557
8.254132826,-26.15460998
8.259892863,-26.1123044
8.2656529,-26.06999882
8.271412937,-26.02769324
8.277172974,-25.98538765
8.282933011,-25.94308207
8.288693048,-25.90077649
8.294453084,-25.40164465
8.300213121,-25.35933907
8.305973158,-25.31703349
8.311733195,-25.2747279
8.317493232,-25.23242232
8.323253269,-25.19011674
8.329013306,-25.14781116
8.334773343,-25.10550558
8.340533379,-25.06319999
8.346293416,-25.02089441
8.352053453,-25.08064893
8.35781349,-25.03834335
8.363573527,-24.99603776
8.369333564,-24.95373218
8.375093601,-24.9114266
8.380853637,-24.86912102
8.386613674,-24.82681543
8.392373711,-24.78450985
8.398133748,-24.74220427
8.403893785,-24.69989869
8.409653822,-24.58033888
8.415413859,-24.5380333
8.421173896,-24.49572772
8.426933932,-24.45342213
8.432693969,-24.41111655
8.438454006,-24.36881097
8.444214043,-24.32650539
8.44997408,-24.28419981
8.455734117,-24.24189422
8.461494154,-24.19958864
8.46725419,-24.26737805
8.473014227,-24.22507246
8.478774264,-24.18276688
8.484534301,-24.1404613
8.490294338,-24.09815572
8.496054375,-24.05585014
8.501814412,-24.01354455
8.507574448,-23.97123897
8.513334485,-23.92893339
8.519094522,-23.88662781
8.524854559,-23.98697136
8.530614596,-23.94466578
8.536374633,-23.90236019
8.54213467,-23.86005461
8.547894707,-23.81774903
8.553654743,-23.77544345
8.55941478,-23.73313786
8.565174817,-23.69083228
8.570934854,-23.6485267
8.576694891,-23.60622112
8.582454928,-23.49689397
8.588214965,-23.45458839
8.593975001,-23.41228281
8.599735038,-23.36997723
8.605495075,-23.32767164
8.611255112,-23.28536606
8.617015149,-23.24306048
8.622775186,-23.2007549
8.628535223,-23.15844931
8.634295259,-23.11614373
8.640055296,-23.19007168
8.645815333,-23.1477661
8.65157537,-23.10546051
8.657335407,-23.06315493
8.663095444,-23.02084935
8.668855481,-22.97854377
8.674615518,-22.93623818
8.680375554,-22.8939326
8.686135591,-22.85162702
8.691895628,-22.80932144
8.697655665,-22.74888685
8.703415702,-22.70658127
8.709175739,-22.66427569
8.714935776,-22.62197011
8.720695812,-22.57966453
8.726455849,-22.53735894
8.732215886,-22.49505336
8.737975923,-22.45274778
8.74373596,-22.4104422
8.749495997,-22.36813661
8.755256034,-22.44036493
8.761016071,-22.39805935
8.766776107,-22.35575377
8.772536144,-22.31344819
8.778296181,-22.2711426
8.784056218,-22.22883702
8.789816255,-22.18653144
8.795576292,-22.14422586
8.801336329,-22.10192028
8.807096365,-22.05961469
8.812856402,-21.97594588
8.818616439,-21.9336403
8.824376476,-21.89133472
8.830136513,-21.84902914
8.83589655,-21.80672355
8.841656587,-21.76441797
8.847416623,-21.72211239
8.85317666,-21.67980681
8.858936697,-21.63750123
8.864696734,-21.59519564
8.870456771,-21.6644245
8.876216808,-21.62211892
8.881976845,-21.57981333
8.887736882,-21.53750775
8.893496918,-21.49520217
8.899256955,-21.45289659
8.905016992,-21.410591
8.910777029,-21.36828542
8.916537066,-21.32597984
8.922297103,-21.28367426
8.92805714,-21.20596207
8.933817176,-21.16365649
8.939577213,-21.12135091
8.94533725,-21.07904533
8.951097287,-21.03673974
8.956857324,-20.99443416
8.962617361,-20.95212858
8.968377398,-20.909823
8.974137434,-20.86751742
8.979897471,-20.82521183
8.985657508,-20.31042693
8.991417545,-20.26812135
8.997177582,-20.22581576
9.002937619,-20.18351018
9.008697656,-20.1412046
9.014457693,-20.09889902
9.020217729,-20.05659344
9.025977766,-20.01428785
9.031737803,-19.97198227
9.03749784,-19.92967669
9.043257877,-20.00712869
9.049017914,-19.96482311
9.054777951,-19.92251752
9.060537987,-19.88021194
9.066298024,-19.83790636
9.072058061,-19.79560078
9.077818098,-19.7532952
9.083578135,-19.71098961
9.089338172,-19.66868403
9.095098209,-19.62637845
9.100858245,-19.58151126
9.106618282,-19.53920568
9.112378319,-19.4969001
9.118138356,-19.45459452
9.123898393,-19.41228893
9.12965843,-19.36998335
9.135418467,-19.32767777
9.141178504,-19.28537219
9.14693854,-19.2430666
9.152698577,-19.20076102
9.158458614,-19.29415059
9.164218651,-19.25184501
9.169978688,-19.20953943
9.175738725,-19.16723385
9.181498762,-19.12492826
9.187258798,-19.08262268
9.193018835,-19.0403171
9.198778872,-18.99801152
9.204538909,-18.95570594
9.210298946,-18.91340035
9.216058983,-18.88336445
9.22181902,-18.84105886
9.227579057,-18.79875328
9.233339093,-18.7564477
9.23909913,-18.71414212
9.244859167,-18.67183653
9.250619204,-18.62953095
9.256379241,-18.58722537
9.262139278,-18.54491979
9.267899315,-18.50261421
9.273659351,-18.59195936
9.279419388,-18.54965378
9.285179425,-18.5073482
9.290939462,-18.46504262
9.296699499,-18.42273703
9.302459536,-18.38043145
9.308219573,-18.33812587
9.313979609,-18.29582029
9.319739646,-18.25351471
9.325499683,-18.21120912
9.33125972,-18.15640859
9.337019757,-18.114103
9.342779794,-18.07179742
9.348539831,-18.02949184
9.354299868,-17.98718626
9.360059904,-17.94488067
9.365819941,-17.90257509
9.371579978,-17.86026951
9.377340015,-17.81796393
9.383100052,-17.77565835
9.388860089,-17.84335362
9.394620126,-17.80104804
9.400380162,-17.75874246
9.406140199,-17.71643687
9.411900236,-17.67413129
9.417660273,-17.63182571
9.42342031,-17.58952013
9.429180347,-17.54721455
9.434940384,-17.50490896
9.44070042,-17.46260338
9.446460457,-17.37562628
9.452220494,-17.33332069
9.457980531,-17.29101511
9.463740568,-17.24870953
9.469500605,-17.20640395
9.475260642,-17.16409836
9.481020679,-17.12179278
9.486780715,-17.0794872
9.492540752,-17.03718162
9.498300789,-16.99487603
9.504060826,-17.11707359
9.509820863,-17.07476801
9.5155809,-17.03246243
9.521340937,-16.99015685
9.527100973,-16.94785126
9.53286101,-16.90554568
9.538621047,-16.8632401
9.544381084,-16.82093452
9.550141121,-16.77862894
9.555901158,-16.73632335
9.561661195,-16.69714309
9.567421231,-16.65483751
9.573181268,-16.61253193
9.578941305,-16.57022635
9.584701342,-16.52792076
9.590461379,-16.48561518
9.596221416,-16.4433096
9.601981453,-16.40100402
9.60774149,-16.35869844
9.613501526,-16.31639285
9.619261563,-16.27879694
9.6250216,-16.23649136
9.630781637,-16.19418577
9.636541674,-16.15188019
9.642301711,-16.10957461
9.648061748,-16.06726903
9.653821784,-16.02496345
9.659581821,-15.98265786
9.665341858,-15.94035228
9.671101895,-15.8980467
9.676861932,-15.96387313
9.682621969,-15.92156754
9.688382006,-15.87926196
9.694142043,-15.83695638
9.699902079,-15.7946508
9.705662116,-15.75234521
9.711422153,-15.71003963
9.71718219,-15.66773405
9.722942227,-15.62542847
9.728702264,-15.58312289
9.734462301,-15.53071684
9.740222337,-15.48841126
9.745982374,-15.44610568
9.751742411,-15.4038001
9.757502448,-15.36149451
9.763262485,-15.31918893
9.769022522,-15.27688335
9.774782559,-15.23457777
9.780542595,-15.19227219
9.786302632,-15.1499666
9.792062669,-15.21913094
9.797822706,-15.17682536
9.803582743,-15.13451978
9.80934278,-15.09221419
9.815102817,-15.04990861
9.820862854,-15.00760303
9.82662289,-14.96529745
9.832382927,-14.92299186
9.838142964,-14.88068628
9.843903001,-14.8383807
9.849663038,-14.77453206
9.855423075,-14.73222647
9.861183112,-14.68992089
9.866943148,-14.64761531
9.872703185,-14.60530973
9.878463222,-14.56300414
9.884223259,-14.52069856
9.889983296,-14.47839298
9.895743333,-14.4360874
9.90150337,-14.39378182
9.907263406,-14.49272188
9.913023443,-14.4504163
9.91878348,-14.40811072
9.924543517,-14.36580513
9.930303554,-14.32349955
9.936063591,-14.28119397
9.941823628,-14.23888839
9.947583665,-14.1965828
9.953343701,-14.15427722
9.959103738,-14.11197164
9.964863775,-14.05337629
9.970623812,-14.01107071
9.976383849,-13.96876513
9.982143886,-13.92645954
9.987903923,-13.88415396
9.993663959,-13.84184838
9.999423996,-13.7995428
10.00518403,-13.75723722
10.01094407,-13.71493163
10.01670411,-13.67262605
10.02246414,-13.74378087
10.02822418,-13.70147528
10.03398422,-13.6591697
10.03974425,-13.61686412
10.04550429,-13.57455854
10.05126433,-13.53225295
10.05702436,-13.48994737
10.0627844,-13.44764179
10.06854444,-13.40533621
10.07430448,-13.36303063
10.08006451,-13.29783032
10.08582455,-13.25552474
10.09158459,-13.21321915
10.09734462,-13.17091357
10.10310466,-13.12860799
10.1088647,-13.08630241
10.11462473,-13.04399683
10.12038477,-13.00169124
10.12614481,-12.95938566
10.13190484,-12.91708008
10.13766488,-11.95528276
10.14342492,-11.91297717
10.14918495,-11.87067159
10.15494499,-11.82836601
10.16070503,-11.78606043
10.16646507,-11.74375484
10.1722251,-11.70144926
10.17798514,-11.65914368
10.18374518,-11.6168381
10.18950521,-11.57453252
10.19526525,-11.50177537
10.20102529,-11.45946979
10.20678532,-11.41716421
10.21254536,-11.37485863
10.2183054,-11.33255304
10.22406543,-11.29024746
10.22982547,-11.24794188
10.23558551,-11.2056363
10.24134554,-11.16333072
10.24710558,-11.12102513
10.25286562,-11.19241369
10.25862566,-11.1501081
10.26438569,-11.10780252
10.27014573,-11.06549694
10.27590577,-11.02319136
10.2816658,-10.98088578
10.28742584,-10.93858019
10.29318588,-10.89627461
10.29894591,-10.85396903
10.30470595,-10.81166345
10.31046599,-10.74019874
10.31622602,-10.69789316
10.32198606,-10.65558757
10.3277461,-10.61328199
10.33350613,-10.57097641
10.33926617,-10.52867083
10.34502621,-10.48636525
10.35078625,-10.44405966
10.35654628,-10.40175408
10.36230632,-10.3594485
10.36806636,-10.42491427
10.37382639,-10.38260869
10.37958643,-10.34030311
10.38534647,-10.29799752
10.3911065,-10.25569194
10.39686654,-10.21338636
10.40262658,-10.17108078
10.40838661,-10.1287752
10.41414665,-10.08646961
10.41990669,-10.04416403
10.42566672,-9.950735324
10.43142676,-9.908429741
10.4371868,-9.866124159
10.44294683,-9.823818577
10.44870687,-9.781512994
10.45446691,-9.739207412
10.46022695,-9.69690183
10.46598698,-9.654596248
10.47174702,-9.612290666
10.47750706,-9.569985083
10.48326709,-9.635476239
10.48902713,-9.593170657
10.49478717,-9.550865074
10.5005472,-9.508559492
10.50630724,-9.46625391
10.51206728,-9.423948327
10.51782731,-9.381642745
10.52358735,-9.339337163
10.52934739,-9.297031581
10.53510742,-9.254725998
10.54086746,-9.163032878
10.5466275,-9.120727296
10.55238754,-9.078421713
10.55814757,-9.036116131
10.56390761,-8.993810549
10.56966765,-8.951504966
10.57542768,-8.909199384
10.58118772,-8.866893802
10.58694776,-8.82458822
10.59270779,-8.782282637
10.59846783,-8.83907365
10.60422787,-8.796768068
10.6099879,-8.754462485
10.61574794,-8.712156903
10.62150798,-8.66985132
10.62726801,-8.627545738
10.63302805,-8.585240156
10.63878809,-8.542934574
10.64454813,-8.500628992
10.65030816,-8.458323409
10.6560682,-8.37152716
10.66182824,-8.329221577
10.66758827,-8.286915995
10.67334831,-8.244610413
10.67910835,-8.20230483
10.68486838,-8.159999248
10.69062842,-8.117693666
10.69638846,-8.075388084
10.70214849,-8.033082502
10.70790853,-7.99077692
10.71366857,-8.064730249
10.7194286,-8.022424667
10.72518864,-7.980119084
10.73094868,-7.937813502
10.73670871,-7.89550792
10.74246875,-7.853202337
10.74822879,-7.810896755
10.75398883,-7.768591173
10.75974886,-7.726285591
10.7655089,-7.683980009
10.77126894,-7.595478844
10.77702897,-7.553173262
10.78278901,-7.510867679
10.78854905,-7.468562097
10.79430908,-7.426256515
10.80006912,-7.383950932
10.80582916,-7.341645351
10.81158919,-7.299339768
10.81734923,-7.257034186
10.82310927,-7.214728604
10.8288693,-6.817562737
10.83462934,-6.775257155
10.84038938,-6.732951572
10.84614942,-6.69064599
10.85190945,-6.648340407
10.85766949,-6.606034825
10.86342953,-6.563729244
10.86918956,-6.521423661
10.8749496,-6.479118079
10.88070964,-6.436812497
10.88646967,-6.396050009
10.89222971,-6.353744426
10.89798975,-6.311438844
10.90374978,-6.269133262
10.90950982,-6.226827679
10.91526986,-6.184522097
10.92102989,-6.142216515
10.92678993,-6.099910933
10.93254997,-6.057605351
10.93831001,-6.015299769
10.94407004,-5.993393937
10.94983008,-5.951088354
10.95559012,-5.908782772
10.96135015,-5.866477189
10.96711019,-5.824171607
10.97287023,-5.781866025
10.97863026,-5.739560442
10.9843903,-5.697254861
10.99015034,-5.654949278
10.99591037,-5.612643696
11.00167041,-5.696384422
11.00743045,-5.65407884
11.01319048,-5.611773258
11.01895052,-5.569467676
11.02471056,-5.527162093
11.0304706,-5.484856511
11.03623063,-5.442550929
11.04199067,-5.400245347
11.04775071,-5.357939764
11.05351074,-5.315634182
11.05927078,-5.254684528
11.06503082,-5.212378946
11.07079085,-5.170073363
11.07655089,-5.127767781
11.08231093,-5.085462199
11.08807096,-5.043156616
11.093831,-5.000851034
11.09959104,-4.958545452
11.10535107,-4.91623987
11.11111111,-4.873934287
11.11687115,-4.963499435
11.12263118,-4.921193852
11.12839122,-4.87888827
11.13415126,-4.836582688
11.1399113,-4.794277105
11.14567133,-4.751971523
11.15143137,-4.70966594
11.15719141,-4.667360359
11.16295144,-4.625054776
11.16871148,-4.582749194
11.17447152,-4.475922309
11.18023155,-4.433616727
11.18599159,-4.391311144
11.19175163,-4.349005562
11.19751166,-4.30669998
11.2032717,-4.264394398
11.20903174,-4.222088816
11.21479177,-4.179783233
11.22055181,-4.137477651
11.22631185,-4.095172069
11.23207189,-4.079325454
11.23783192,-4.037019871
11.24359196,-3.994714289
11.249352,-3.952408707
11.25511203,-3.910103124
11.26087207,-3.867797542
11.26663211,-3.825491959
11.27239214,-3.783186378
11.27815218,-3.740880796
11.28391222,-3.698575213
11.28967225,-3.668296049
11.29543229,-3.625990467
11.30119233,-3.583684884
11.30695236,-3.541379302
11.3127124,-3.49907372
11.31847244,-3.456768137
11.32423248,-3.414462554
11.32999251,-3.372156973
11.33575255,-3.329851391
11.34151259,-3.287545809
11.34727262,-3.356758798
11.35303266,-3.314453215
11.3587927,-3.272147633
11.36455273,-3.229842051
11.37031277,-3.187536468
11.37607281,-3.145230886
11.38183284,-3.102925304
11.38759288,-3.060619722
11.39335292,-3.01831414
11.39911295,-2.976008557
11.40487299,-3.033014271
11.41063303,-2.990708688
11.41639306,-2.948403106
11.4221531,-2.906097523
11.42791314,-2.863791941
11.43367318,-2.821486359
11.43943321,-2.779180776
11.44519325,-2.736875195
11.45095329,-2.694569612
11.45671332,-2.65226403
11.46247336,-2.572482046
11.4682334,-2.530176464
11.47399343,-2.487870882
11.47975347,-2.4455653
11.48551351,-2.403259717
11.49127354,-2.360954134
11.49703358,-2.318648553
11.50279362,-2.27634297
11.50855365,-2.234037388
11.51431369,-2.191731806
11.52007373,-1.79739301
11.52583377,-1.755087427
11.5315938,-1.712781845
11.53735384,-1.670476262
11.54311388,-1.62817068
11.54887391,-1.585865098
11.55463395,-1.543559515
11.56039399,-1.501253934
11.56615402,-1.458948351
11.57191406,-1.416642769
11.5776741,-1.356478942
11.58343413,-1.314173359
11.58919417,-1.271867777
11.59495421,-1.229562194
11.60071424,-1.187256612
11.60647428,-1.14495103
11.61223432,-1.102645447
11.61799436,-1.060339865
11.62375439,-1.018034283
11.62951443,-0.975728701
11.63527447,-0.914348588
11.6410345,-0.872043005
11.64679454,-0.829737423
11.65255458,-0.787431841
11.65831461,-0.745126258
11.66407465,-0.702820676
11.66983469,-0.660515093
11.67559472,-0.618209512
11.68135476,-0.575903929
11.6871148,-0.533598347
11.69287483,-0.604128098
11.69863487,-0.561822515
11.70439491,-0.519516933
11.71015494,-0.47721135
11.71591498,-0.434905768
11.72167502,-0.392600186
11.72743506,-0.350294603
11.73319509,-0.307989022
11.73895513,-0.265683439
11.74471517,-0.223377857
11.7504752,-0.183107172
11.75623524,-0.14080159
11.76199528,-0.098496007
11.76775531,-0.056190425
11.77351535,-0.013884843
11.77927539,0.028420739
11.78503542,0.070726322
11.79079546,0.113031904
11.7965555,0.155337486
11.80231553,0.197643069
11.80807557,0.140120169
11.81383561,0.182425752
11.81959565,0.224731334
11.82535568,0.267036917
11.83111572,0.309342499
11.83687576,0.351648081
11.84263579,0.393953664
11.84839583,0.436259245
11.85415587,0.478564828
11.8599159,0.52087041
11.86567594,0.619852782
11.87143598,0.662158365
11.87719601,0.704463947
11.88295605,0.746769529
11.88871609,0.789075112
11.89447612,0.831380694
11.90023616,0.873686276
11.9059962,0.915991858
11.91175624,0.95829744
11.91751627,1.000603023
11.92327631,0.935152058
11.92903635,0.97745764
11.93479638,1.019763222
11.94055642,1.062068805
11.94631646,1.104374387
11.95207649,1.14667997
11.95783653,1.188985552
11.96359657,1.231291133
11.9693566,1.273596716
11.97511664,1.315902298
11.98087668,1.242896613
11.98663671,1.285202196
11.99239675,1.327507778
11.99815679,1.36981336
12.00391683,1.412118942
12.00967686,1.454424525
12.0154369,1.496730107
12.02119694,1.539035689
12.02695697,1.581341272
12.03271701,1.623646854
12.03847705,1.711160183
12.04423708,1.753465765
12.04999712,1.795771348
12.05575716,1.83807693
12.06151719,1.880382512
12.06727723,1.922688094
12.07303727,1.964993676
12.0787973,2.007299259
12.08455734,2.049604841
12.09031738,2.091910423
12.09607741,2.016562067
12.10183745,2.05886765
12.10759749,2.101173232
12.11335753,2.143478814
12.11911756,2.185784397
12.1248776,2.228089979
12.13063764,2.270395562
12.13639767,2.312701143
12.14215771,2.355006725
12.14791775,2.397312308
12.15367778,2.469924553
12.15943782,2.512230135
12.16519786,2.554535718
12.17095789,2.5968413
12.17671793,2.639146882
12.18247797,2.681452464
12.188238,2.723758047
12.19399804,2.766063629
12.19975808,2.808369211
12.20551812,2.850674794
12.21127815,3.29420229
12.21703819,3.336507872
12.22279823,3.378813455
12.22855826,3.421119037
12.2343183,3.463424619
12.24007834,3.505730202
12.24583837,3.548035784
12.25159841,3.590341366
12.25735845,3.632646948
12.26311848,3.674952531
12.26887852,3.761405047
12.27463856,3.80371063
12.28039859,3.846016212
12.28615863,3.888321795
12.29191867,3.930627377
12.29767871,3.972932959
12.30343874,4.015238542
12.30919878,4.057544123
12.31495882,4.099849706
12.32071885,4.142155288
12.32647889,4.060860882
12.33223893,4.103166464
12.33799896,4.145472047
12.343759,4.187777629
12.34951904,4.230083211
12.35527907,4.272388794
12.36103911,4.314694376
12.36679915,4.356999958
12.37255918,4.39930554
12.37831922,4.441611122
12.38407926,4.517635313
12.38983929,4.559940895
12.39559933,4.602246478
12.40135937,4.64455206
12.40711941,4.686857642
12.41287944,4.729163224
12.41863948,4.771468807
12.42439952,4.813774389
12.43015955,4.856079971
12.43591959,4.898385554
12.44167963,4.799298477
12.44743966,4.841604059
12.4531997,4.883909642
12.45895974,4.926215224
12.46471977,4.968520806
12.47047981,5.010826389
12.47623985,5.053131971
12.48199988,5.095437553
12.48775992,5.137743135
12.49351996,5.180048718
12.49928,5.273945959
12.50504003,5.316251542
12.51080007,5.358557124
12.51656011,5.400862706
12.52232014,5.443168289
12.52808018,5.485473871
12.53384022,5.527779454
12.53960025,5.570085035
12.54536029,5.612390618
12.55112033,5.6546962
12.55688036,5.723825638
12.5626404,5.76613122
12.56840044,5.808436803
12.57416047,5.850742385
12.57992051,5.893047967
12.58568055,5.935353549
12.59144059,5.977659132
12.59720062,6.019964714
12.60296066,6.062270296
12.6087207,6.104575878
12.61448073,6.029267712
12.62024077,6.071573295
12.62600081,6.113878877
12.63176084,6.15618446
12.63752088,6.198490042
12.64328092,6.240795624
12.64904095,6.283101207
12.65480099,6.325406788
12.66056103,6.367712371
12.66632106,6.410017953
12.6720811,6.488622784
12.67784114,6.530928366
12.68360118,6.573233949
12.68936121,6.615539531
12.69512125,6.657845113
12.70088129,6.700150695
12.70664132,6.742456278
12.71240136,6.78476186
12.7181614,6.827067442
12.72392143,6.869373025
12.72968147,6.804233005
12.73544151,6.846538588
12.74120154,6.88884417
12.74696158,6.931149752
12.75272162,6.973455335
12.75848165,7.015760917
12.76424169,7.058066499
12.77000173,7.100372081
12.77576176,7.142677663
12.7815218,7.184983246
12.78728184,7.268214192
12.79304188,7.310519775
12.79880191,7.352825357
12.80456195,7.395130939
12.81032199,7.437436522
12.81608202,7.479742104
12.82184206,7.522047687
12.8276021,7.564353268
12.83336213,7.606658851
12.83912217,7.648964433
12.84488221,7.568867275
12.85064224,7.611172857
12.85640228,7.65347844
12.86216232,7.695784022
12.86792235,7.738089604
12.87368239,7.780395187
12.87944243,7.822700768
12.88520247,7.865006351
12.8909625,7.907311933
12.89672254,7.949617515
12.90248258,8.362945172
12.90824261,8.405250754
12.91400265,8.447556337
12.91976269,8.489861919
12.92552272,8.532167502
12.93128276,8.574473084
12.9370428,8.616778666
12.94280283,8.659084248
12.94856287,8.70138983
12.95432291,8.743695413
12.96008294,8.801204565
12.96584298,8.843510147
12.97160302,8.88581573
12.97736306,8.928121312
12.98312309,8.970426895
12.98888313,9.012732476
12.99464317,9.055038059
13.0004032,9.097343641
13.00616324,9.139649223
13.01192328,9.181954806
13.01768331,9.119673586
13.02344335,9.161979168
13.02920339,9.204284751
13.03496342,9.246590333
13.04072346,9.288895916
13.0464835,9.331201497
13.05224353,9.373507079
13.05800357,9.415812662
13.06376361,9.458118244
13.06952364,9.500423826
13.07528368,9.557290992
13.08104372,9.599596574
13.08680376,9.641902156
13.09256379,9.684207739
13.09832383,9.726513321
13.10408387,9.768818904
13.1098439,9.811124486
13.11560394,9.853430068
13.12136398,9.89573565
13.12712401,9.938041232
13.13288405,9.870062508
13.13864409,9.912368091
13.14440412,9.954673673
13.15016416,9.996979255
13.1559242,10.03928484
13.16168423,10.08159042
13.16744427,10.123896
13.17320431,10.16620158
13.17896435,10.20850717
13.18472438,10.25081275
13.19048442,10.34334352
13.19624446,10.3856491
13.20200449,10.42795468
13.20776453,10.47026027
13.21352457,10.51256585
13.2192846,10.55487143
13.22504464,10.59717701
13.23080468,10.6394826
13.23656471,10.68178818
13.24232475,10.72409376
13.24808479,10.66236569
13.25384482,10.70467127
13.25960486,10.74697685
13.2653649,10.78928243
13.27112494,10.83158802
13.27688497,10.8738936
13.28264501,10.91619918
13.28840505,10.95850476
13.29416508,11.00081034
13.29992512,11.04311593
13.30568516,11.11552722
13.31144519,11.1578328
13.31720523,11.20013839
13.32296527,11.24244397
13.3287253,11.28474955
13.33448534,11.32705513
13.34024538,11.36936071
13.34600541,11.4116663
13.35176545,11.45397188
13.35752549,11.49627746
13.36328553,11.44562182
13.36904556,11.4879274
13.3748056,11.53023298
13.38056564,11.57253856
13.38632567,11.61484415
13.39208571,11.65714973
13.39784575,11.69945531
13.40360578,11.74176089
13.40936582,11.78406647
13.41512586,11.82637206
13.42088589,11.92711011
13.42664593,11.96941569
13.43240597,12.01172128
13.438166,12.05402686
13.44392604,12.09633244
13.44968608,12.13863802
13.45544611,12.1809436
13.46120615,12.22324919
13.46696619,12.26555477
13.47272623,12.30786035
13.47848626,12.23120369
13.4842463,12.27350928
13.49000634,12.31581486
13.49576637,12.35812044
13.50152641,12.40042602
13.50728645,12.44273161
13.51304648,12.48503719
13.51880652,12.52734277
13.52456656,12.56964835
13.53032659,12.61195393
13.53608663,12.68075127
13.54184667,12.72305686
13.5476067,12.76536244
13.55336674,12.80766802
13.55912678,12.8499736
13.56488682,12.89227919
13.57064685,12.93458477
13.57640689,12.97689035
13.58216693,13.01919593
13.58792696,13.06150151
13.593687,13.46278054
13.59944704,13.50508612
13.60520707,13.54739171
13.61096711,13.58969729
13.61672715,13.63200287
13.62248718,13.67430845
13.62824722,13.71661404
13.63400726,13.75891962
13.63976729,13.8012252
13.64552733,13.84353078
13.65128737,13.87919545
13.65704741,13.92150103
13.66280744,13.96380661
13.66856748,14.00611219
13.67432752,14.04841778
13.68008755,14.09072336
13.68584759,14.13302894
13.69160763,14.17533452
13.69736766,14.21764011
13.7031277,14.25994569
13.70888774,14.1930447
13.71464777,14.23535028
13.72040781,14.27765586
13.72616785,14.31996145
13.73192788,14.36226703
13.73768792,14.40457261
13.74344796,14.44687819
13.74920799,14.48918377
13.75496803,14.53148936
13.76072807,14.57379494
13.76648811,14.67880163
13.77224814,14.72110721
13.77800818,14.76341279
13.78376822,14.80571837
13.78952825,14.84802396
13.79528829,14.89032954
13.80104833,14.93263512
13.80680836,14.9749407
13.8125684,15.01724628
13.81832844,15.05955187
13.82408847,14.97847005
13.82984851,15.02077563
13.83560855,15.06308121
13.84136858,15.10538679
13.84712862,15.14769238
13.85288866,15.18999796
13.8586487,15.23230354
13.86440873,15.27460912
13.87016877,15.3169147
13.87592881,15.35922029
13.88168884,15.44005991
13.88744888,15.48236549
13.89320892,15.52467108
13.89896895,15.56697666
13.90472899,15.60928224
13.91048903,15.65158782
13.91624906,15.6938934
13.9220091,15.73619899
13.92776914,15.77850457
13.93352917,15.82081015
13.93928921,15.71893831
13.94504925,15.76124389
13.95080929,15.80354947
13.95656932,15.84585506
13.96232936,15.88816064
13.9680894,15.93046622
13.97384943,15.9727718
13.97960947,16.01507739
13.98536951,16.05738297
13.99112954,16.09968855
13.99688958,16.1311216
14.00264962,16.17342718
14.00840965,16.21573276
14.01416969,16.25803835
14.01992973,16.30034393
14.02568976,16.34264951
14.0314498,16.38495509
14.03720984,16.42726068
14.04296988,16.46956626
14.04872991,16.51187184
14.05448995,16.55707113
14.06024999,16.59937671
14.06601002,16.64168229
14.07177006,16.68398787
14.0775301,16.72629345
14.08329013,16.76859904
14.08905017,16.81090462
14.09481021,16.8532102
14.10057024,16.89551578
14.10633028,16.93782137
14.11209032,16.85644869
14.11785035,16.89875428
14.12361039,16.94105986
14.12937043,16.98336544
14.13513046,17.02567102
14.1408905,17.06797661
14.14665054,17.11028219
14.15241058,17.15258777
14.15817061,17.19489335
14.16393065,17.23719894
14.16969069,17.31631461
14.17545072,17.35862019
14.18121076,17.40092577
14.1869708,17.44323135
14.19273083,17.48553694
14.19849087,17.52784252
14.20425091,17.5701481
14.21001094,17.61245368
14.21577098,17.65475926
14.22153102,17.69706485
14.22729105,17.63207713
14.23305109,17.67438271
14.23881113,17.71668829
14.24457117,17.75899387
14.2503312,17.80129946
14.25609124,17.84360504
14.26185128,17.88591062
14.26761131,17.9282162
14.27337135,17.97052179
14.27913139,18.01282737
14.28489142,18.06118794
14.29065146,18.10349352
14.2964115,18.1457991
14.30217153,18.18810469
14.30793157,18.23041027
14.31369161,18.27271585
14.31945164,18.31502143
14.32521168,18.35732701
14.33097172,18.3996326
14.33673176,18.44193818
14.34249179,18.46826706
14.34825183,18.51057264
14.35401187,18.55287822
14.3597719,18.59518381
14.36553194,18.63748939
14.37129198,18.67979497
14.37705201,18.72210055
14.38281205,18.76440614
14.38857209,18.80671172
14.39433212,18.8490173
14.40009216,18.75920678
14.4058522,18.80151236
14.41161223,18.84381794
14.41737227,18.88612353
14.42313231,18.92842911
14.42889234,18.97073469
14.43465238,19.01304027
14.44041242,19.05534586
14.44617246,19.09765144
14.45193249,19.13995702
14.45769253,19.17858836
14.46345257,19.22089395
14.4692126,19.26319953
14.47497264,19.30550511
14.48073268,19.34781069
14.48649271,19.39011628
14.49225275,19.43242186
14.49801279,19.47472744
14.50377282,19.51703302
14.50953286,19.5593386
14.5152929,19.47163913
14.52105293,19.51394472
14.52681297,19.5562503
14.53257301,19.59855588
14.53833305,19.64086146
14.54409308,19.68316705
14.54985312,19.72547263
14.55561316,19.76777821
14.56137319,19.81008379
14.56713323,19.85238937
14.57289327,19.91814283
14.5786533,19.96044841
14.58441334,20.00275399
14.59017338,20.04505957
14.59593341,20.08736516
14.60169345,20.12967074
14.60745349,20.17197632
14.61321352,20.2142819
14.61897356,20.25658749
14.6247336,20.29889307
14.63049364,20.22821736
14.63625367,20.27052295
14.64201371,20.31282853
14.64777375,20.35513411
14.65353378,20.39743969
14.65929382,20.43974527
14.66505386,20.48205086
14.67081389,20.52435644
14.67657393,20.56666202
14.68233397,20.6089676
14.688094,20.69196587
14.69385404,20.73427145
14.69961408,20.77657703
14.70537411,20.81888262
14.71113415,20.8611882
14.71689419,20.90349378
14.72265422,20.94579936
14.72841426,20.98810495
14.7341743,21.03041053
14.73993434,21.07271611
14.74569437,20.96133503
14.75145441,21.00364061
14.75721445,21.0459462
14.76297448,21.08825178
14.76873452,21.13055736
14.77449456,21.17286294
14.78025459,21.21516852
14.78601463,21.25747411
14.79177467,21.29977969
14.7975347,21.34208527
14.80329474,21.42678528
14.80905478,21.46909086
14.81481481,21.51139644
14.82057485,21.55370203
14.82633489,21.59600761
14.83209493,21.63831319
14.83785496,21.68061877
14.843615,21.72292436
14.84937504,21.76522994
14.85513507,21.80753552
14.86089511,22.72695746
14.86665515,22.76926304
14.87241518,22.81156862
14.87817522,22.8538742
14.88393526,22.89617979
14.88969529,22.93848537
14.89545533,22.98079095
14.90121537,23.02309653
14.9069754,23.06540211
14.91273544,23.1077077
14.91849548,23.1628287
14.92425552,23.20513428
14.93001555,23.24743986
14.93577559,23.28974545
14.94153563,23.33205103
14.94729566,23.37435661
14.9530557,23.41666219
14.95881574,23.45896777
14.96457577,23.50127336
14.97033581,23.54357894
14.97609585,23.42872246
14.98185588,23.47102804
14.98761592,23.51333362
14.99337596,23.5556392
14.99913599,23.59794479
15.00489603,23.64025037
15.01065607,23.68255595
15.01641611,23.72486153
15.02217614,23.76716712
15.02793618,23.8094727
15.03369622,23.85897658
15.03945625,23.90128216
15.04521629,23.94358774
15.05097633,23.98589332
15.05673636,24.02819891
15.0624964,24.07050449
15.06825644,24.11281007
15.07401647,24.15511565
15.07977651,24.19742123
15.08553655,24.23972682
15.09129658,24.16203367
15.09705662,24.20433926
15.10281666,24.24664484
15.10857669,24.28895042
15.11433673,24.331256
15.12009677,24.37356159
15.12585681,24.41586717
15.13161684,24.45817275
15.13737688,24.50047833
15.14313692,24.54278391
15.14889695,24.61451091
15.15465699,24.6568165
15.16041703,24.69912208
15.16617706,24.74142766
15.1719371,24.78373324
15.17769714,24.82603883
15.18345717,24.86834441
15.18921721,24.91064999
15.19497725,24.95295557
15.20073728,24.99526116
15.20649732,25.06651328
15.21225736,25.10881886
15.2180174,25.15112444
15.22377743,25.19343002
15.22953747,25.23573561
15.23529751,25.27804119
15.24105754,25.32034677
15.24681758,25.36265235
15.25257762,25.40495793
15.25833765,25.44726352
15.26409769,25.34690727
15.26985773,25.38921286
15.27561776,25.43151844
15.2813778,25.47382402
15.28713784,25.5161296
15.29289787,25.55843518
15.29865791,25.60074077
15.30441795,25.64304635
15.31017799,25.68535193
15.31593802,25.72765751
15.32169806,25.78308523
15.3274581,25.82539081
15.33321813,25.8676964
15.33897817,25.91000198
15.34473821,25.95230756
15.35049824,25.99461314
15.35625828,26.03691873
15.36201832,26.07922431
15.36777835,26.12152989
15.37353839,26.16383547
15.37929843,26.05122436
15.38505846,26.09352994
15.3908185,26.13583552
15.39657854,26.17814111
15.40233857,26.22044669
15.40809861,26.26275227
15.41385865,26.30505785
15.41961869,26.34736343
15.42537872,26.38966902
15.43113876,26.4319746
15.4368988,26.49680473
15.44265883,26.53911031
15.44841887,26.5814159
15.45417891,26.62372148
15.45993894,26.66602706
15.46569898,26.70833264
15.47145902,26.75063823
15.47721905,26.79294381
15.48297909,26.83524939
15.48873913,26.87755497
15.49449916,26.9416786
15.5002592,26.98398419
15.50601924,27.02628977
15.51177928,27.06859535
15.51753931,27.11090093
15.52329935,27.15320651
15.52905939,27.1955121
15.53481942,27.23781768
15.54057946,27.28012326
15.5463395,27.32242884
15.55209953,27.716077
15.55785957,27.75838258
15.56361961,27.80068817
15.56937964,27.84299375
15.57513968,27.88529933
15.58089972,27.92760491
15.58665975,27.9699105
15.59241979,28.01221608
15.59817983,28.05452166
15.60393987,28.09682724
15.6096999,28.1643882
15.61545994,28.20669378
15.62121998,28.24899936
15.62698001,28.29130495
15.63274005,28.33361053
15.63850009,28.37591611
15.64426012,28.41822169
15.65002016,28.46052728
15.6557802,28.50283286
15.66154023,28.54513844
15.66730027,28.47475253
15.67306031,28.51705811
15.67882034,28.55936369
15.68458038,28.60166928
15.69034042,28.64397486
15.69610046,28.68628044
15.70186049,28.72858602
15.70762053,28.77089161
15.71338057,28.81319719
15.7191406,28.85550277
15.72490064,28.94616152
15.73066068,28.9884671
15.73642071,29.03077268
15.74218075,29.07307827
15.74794079,29.11538385
15.75370082,29.15768943
15.75946086,29.19999501
15.7652209,29.24230059
15.77098093,29.28460618
15.77674097,29.32691176
15.78250101,29.27250784
15.78826104,29.31481342
15.79402108,29.357119
15.79978112,29.39942459
15.80554116,29.44173017
15.81130119,29.48403575
15.81706123,29.52634133
15.82282127,29.56864692
15.8285813,29.6109525
15.83434134,29.65325808
15.84010138,29.58425027
15.84586141,29.62655585
15.85162145,29.66886144
15.85738149,29.71116702
15.86314152,29.7534726
15.86890156,29.79577818
15.8746616,29.83808377
15.88042163,29.88038935
15.88618167,29.92269493
15.89194171,29.96500051
15.89770175,30.04722036
15.90346178,30.08952594
15.90922182,30.13183152
15.91498186,30.1741371
15.92074189,30.21644269
15.92650193,30.25874827
15.93226197,30.30105385
15.938022,30.34335943
15.94378204,30.38566501
15.94954208,30.4279706
15.95530211,30.34832717
15.96106215,30.39063275
15.96682219,30.43293833
15.97258222,30.47524391
15.97834226,30.5175495
15.9841023,30.55985508
15.98986234,30.60216066
15.99562237,30.64446624
16.00138241,30.68677182
16.00714245,30.72907741
16.01290248,30.83017823
16.01866252,30.87248381
16.02442256,30.9147894
16.03018259,30.95709498
16.03594263,30.99940056
16.04170267,31.04170614
16.0474627,31.08401172
16.05322274,31.12631731
16.05898278,31.16862289
16.06474281,31.21092847
16.07050285,31.13649286
16.07626289,31.17879844
16.08202292,31.22110402
16.08778296,31.26340961
16.093543,31.30571519
16.09930304,31.34802077
16.10506307,31.39032635
16.11082311,31.43263193
16.11658315,31.47493752
16.12234318,31.5172431
16.12810322,31.44587887
16.13386326,31.48818445
16.13962329,31.53049004
16.14538333,31.57279562
16.15114337,31.6151012
16.1569034,31.65740678
16.16266344,31.69971236
16.16842348,31.74201795
16.17418351,31.78432353
16.17994355,31.82662911
16.18570359,31.88788337
16.19146363,31.93018895
16.19722366,31.97249453
16.2029837,32.01480011
16.20874374,32.0571057
16.21450377,32.09941128
16.22026381,32.14171686
16.22602385,32.18402244
16.23178388,32.22632802
16.23754392,32.26863361
16.24330396,32.87925123
16.24906399,32.92155681
16.25482403,32.9638624
16.26058407,33.00616798
16.2663441,33.04847356
16.27210414,33.09077914
16.27786418,33.13308472
16.28362422,33.17539031
16.28938425,33.21769589
16.29514429,33.26000147
16.30090433,33.32803731
16.30666436,33.37034289
16.3124244,33.41264848
16.31818444,33.45495406
16.32394447,33.49725964
16.32970451,33.53956522
16.33546455,33.5818708
16.34122458,33.62417639
16.34698462,33.66648197
16.35274466,33.70878755
16.35850469,33.64473479
16.36426473,33.68704037
16.37002477,33.72934595
16.37578481,33.77165153
16.38154484,33.81395711
16.38730488,33.8562627
16.39306492,33.89856828
16.39882495,33.94087386
16.40458499,33.98317944
16.41034503,34.02548503
16.41610506,34.12140553
16.4218651,34.16371111
16.42762514,34.2060167
16.43338517,34.24832228
16.43914521,34.29062786
16.44490525,34.33293344
16.45066528,34.37523903
16.45642532,34.41754461
16.46218536,34.45985019
16.46794539,34.50215577
16.47370543,34.42173075
16.47946547,34.46403633
16.48522551,34.50634191
16.49098554,34.54864749
16.49674558,34.59095308
16.50250562,34.63325866
16.50826565,34.67556424
16.51402569,34.71786982
16.51978573,34.7601754
16.52554576,34.80248099
16.5313058,34.88781135
16.53706584,34.93011693
16.54282587,34.97242251
16.54858591,35.01472809
16.55434595,35.05703368
16.56010598,35.09933926
16.56586602,35.14164484
16.57162606,35.18395042
16.5773861,35.22625601
16.58314613,35.26856159
16.58890617,35.2011688
16.59466621,35.24347438
16.60042624,35.28577996
16.60618628,35.32808554
16.61194632,35.37039113
16.61770635,35.41269671
16.62346639,35.45500229
16.62922643,35.49730787
16.63498646,35.53961345
16.6407465,35.58191904
16.64650654,35.68304313
16.65226657,35.72534871
16.65802661,35.76765429
16.66378665,35.80995988
16.66954669,35.85226546
16.67530672,35.89457104
16.68106676,35.93687662
16.6868268,35.97918221
16.69258683,36.02148779
16.69834687,36.06379337
16.70410691,35.9957533
16.70986694,36.03805889
16.71562698,36.08036447
16.72138702,36.12267005
16.72714705,36.16497563
16.73290709,36.20728121
16.73866713,36.2495868
16.74442716,36.29189238
16.7501872,36.33419796
16.75594724,36.37650354
16.76170727,36.31575484
16.76746731,36.35806043
16.77322735,36.40036601
16.77898739,36.44267159
16.78474742,36.48497717
16.79050746,36.52728275
16.7962675,36.56958834
16.80202753,36.61189392
16.80778757,36.6541995
16.81354761,36.69650508
16.81930764,36.78369689
16.82506768,36.82600247
16.83082772,36.86830806
16.83658775,36.91061364
16.84234779,36.95291922
16.84810783,36.9952248
16.85386786,37.03753039
16.8596279,37.07983597
16.86538794,37.12214155
16.87114798,37.16444713
16.87690801,37.08329022
16.88266805,37.1255958
16.88842809,37.16790138
16.89418812,37.21020697
16.89994816,37.25251255
16.9057082,37.29481813
16.91146823,37.33712371
16.91722827,37.37942929
16.92298831,37.42173488
16.92874834,37.46404046
16.93450838,37.90399419
16.94026842,37.94629977
16.94602845,37.98860536
16.95178849,38.03091094
16.95754853,38.07321652
16.96330857,38.1155221
16.9690686,38.15782769
16.97482864,38.20013327
16.98058868,38.24243885
16.98634871,38.28474443
16.99210875,38.33519067
16.99786879,38.37749625
17.00362882,38.41980183
17.00938886,38.46210741
17.0151489,38.504413
17.02090893,38.54671858
17.02666897,38.58902416
17.03242901,38.63132974
17.03818904,38.67363533
17.04394908,38.71594091
17.04970912,38.61110768
17.05546916,38.65341326
17.06122919,38.69571884
17.06698923,38.73802442
17.07274927,38.78033001
17.0785093,38.82263559
17.08426934,38.86494117
17.09002938,38.90724675
17.09578941,38.94955233
17.10154945,38.99185792
17.10730949,39.07812852
17.11306952,39.1204341
17.11882956,39.16273968
17.1245896,39.20504527
17.13034963,39.24735085
17.13610967,39.28965643
17.14186971,39.33196201
17.14762974,39.3742676
17.15338978,39.41657318
17.15914982,39.45887876
17.16490986,39.3845267
17.17066989,39.42683228
17.17642993,39.46913786
17.18218997,39.51144345
17.18795,39.55374903
17.19371004,39.59605461
17.19947008,39.63836019
17.20523011,39.68066578
17.21099015,39.72297136
17.21675019,39.76527694
17.22251022,39.81198865
17.22827026,39.85429423
17.2340303,39.89659982
17.23979033,39.9389054
17.24555037,39.98121098
17.25131041,40.02351656
17.25707045,40.06582214
17.26283048,40.10812773
17.26859052,40.15043331
17.27435056,40.19273889
17.28011059,40.1309188
17.28587063,40.17322438
17.29163067,40.21552997
17.2973907,40.25783555
17.30315074,40.30014113
17.30891078,40.34244671
17.31467081,40.3847523
17.32043085,40.42705788
17.32619089,40.46936346
17.33195092,40.51166904
17.33771096,40.64961591
17.343471,40.6919215
17.34923104,40.73422708
17.35499107,40.77653266
17.36075111,40.81883824
17.36651115,40.86114383
17.37227118,40.90344941
17.37803122,40.94575499
17.38379126,40.98806057
17.38955129,41.03036615
17.39531133,40.97151592
17.40107137,41.0138215
17.4068314,41.05612708
17.41259144,41.09843267
17.41835148,41.14073825
17.42411151,41.18304383
17.42987155,41.22534941
17.43563159,41.26765499
17.44139162,41.30996058
17.44715166,41.35226616
17.4529117,41.29111556
17.45867174,41.33342114
17.46443177,41.37572672
17.47019181,41.4180323
17.47595185,41.46033788
17.48171188,41.50264347
17.48747192,41.54494905
17.49323196,41.58725463
17.49899199,41.62956021
17.50475203,41.6718658
17.51051207,41.72786464
17.5162721,41.77017022
17.52203214,41.8124758
17.52779218,41.85478139
17.53355221,41.89708697
17.53931225,41.93939255
17.54507229,41.98169813
17.55083233,42.02400372
17.55659236,42.0663093
17.5623524,42.10861488
17.56811244,42.03193496
17.57387247,42.07424054
17.57963251,42.11654612
17.58539255,42.1588517
17.59115258,42.20115729
17.59691262,42.24346287
17.60267266,42.28576845
17.60843269,42.32807403
17.61419273,42.37037961
17.61995277,42.4126852
17.6257128,43.10638358
17.63147284,43.14868916
17.63723288,43.19099475
17.64299292,43.23330033
17.64875295,43.27560591
17.65451299,43.31791149
17.66027303,43.36021708
17.66603306,43.40252266
17.6717931,43.44482824
17.67755314,43.48713382
17.68331317,43.53244733
17.68907321,43.57475292
17.69483325,43.6170585
17.70059328,43.65936408
17.70635332,43.70166966
17.71211336,43.74397524
17.71787339,43.78628083
17.72363343,43.82858641
17.72939347,43.87089199
17.7351535,43.91319757
17.74091354,43.84435687
17.74667358,43.88666246
17.75243362,43.92896804
17.75819365,43.97127362
17.76395369,44.0135792
17.76971373,44.05588479
17.77547376,44.09819037
17.7812338,44.14049595
17.78699384,44.18280153
17.79275387,44.22510711
17.79851391,44.34504661
17.80427395,44.3873522
17.81003398,44.42965778
17.81579402,44.47196336
17.82155406,44.51426894
17.82731409,44.55657453
17.83307413,44.59888011
17.83883417,44.64118569
17.84459421,44.68349127
17.85035424,44.72579685
17.85611428,44.63337714
17.86187432,44.67568272
17.86763435,44.7179883
17.87339439,44.76029389
17.87915443,44.80259947
17.88491446,44.84490505
17.8906745,44.88721063
17.89643454,44.92951621
17.90219457,44.9718218
17.90795461,45.01412738
17.91371465,45.08777611
17.91947468,45.13008169
17.92523472,45.17238728
17.93099476,45.21469286
17.9367548,45.25699844
17.94251483,45.29930402
17.94827487,45.3416096
17.95403491,45.38391519
17.95979494,45.42622077
17.96555498,45.46852635
17.97131502,45.39045669
17.97707505,45.43276227
17.98283509,45.47506785
17.98859513,45.51737343
17.99435516,45.55967902
18.0001152,45.6019846
18.00587524,45.64429018
18.01163527,45.68659576
18.01739531,45.72890135
18.02315535,45.77120693
18.02891539,45.84289691
18.03467542,45.88520249
18.04043546,45.92750808
18.0461955,45.96981366
18.05195553,46.01211924
18.05771557,46.05442482
18.06347561,46.09673041
18.06923564,46.13903599
18.07499568,46.18134157
18.08075572,46.22364715
18.08651575,46.15495029
18.09227579,46.19725587
18.09803583,46.23956146
18.10379586,46.28186704
18.1095559,46.32417262
18.11531594,46.3664782
18.12107597,46.40878379
18.12683601,46.45108937
18.13259605,46.49339495
18.13835609,46.53570053
18.14411612,46.61129321
18.14987616,46.65359879
18.1556362,46.69590437
18.16139623,46.73820995
18.16715627,46.78051553
18.17291631,46.82282112
18.17867634,46.8651267
18.18443638,46.90743228
18.19019642,46.94973786
18.19595645,46.99204345
18.20171649,46.891812
18.20747653,46.93411759
18.21323656,46.97642317
18.2189966,47.01872875
18.22475664,47.06103433
18.23051668,47.10333992
18.23627671,47.1456455
18.24203675,47.18795108
18.24779679,47.23025666
18.25355682,47.27256224
18.25931686,47.31943683
18.2650769,47.36174241
18.27083693,47.404048
18.27659697,47.44635358
18.28235701,47.48865916
18.28811704,47.53096474
18.29387708,47.57327033
18.29963712,47.61557591
18.30539715,47.65788149
18.31115719,47.70018707
18.31691723,48.18607726
18.32267727,48.22838285
18.3284373,48.27068843
18.33419734,48.31299401
18.33995738,48.35529959
18.34571741,48.39760518
18.35147745,48.43991076
18.35723749,48.48221634
18.36299752,48.52452192
18.36875756,48.5668275
18.3745176,48.49964941
18.38027763,48.541955
18.38603767,48.58426058
18.39179771,48.62656616
18.39755774,48.66887174
18.40331778,48.71117733
18.40907782,48.75348291
18.41483785,48.79578849
18.42059789,48.83809407
18.42635793,48.88039965
18.43211797,48.94480144
18.437878,48.98710703
18.44363804,49.02941261
18.44939808,49.07171819
18.45515811,49.11402377
18.46091815,49.15632935
18.46667819,49.19863494
18.47243822,49.24094052
18.47819826,49.2832461
18.4839583,49.32555168
18.48971833,49.36110318
18.49547837,49.40340876
18.50123841,49.44571435
18.50699844,49.48801993
18.51275848,49.53032551
18.51851852,49.57263109
18.52427856,49.61493667
18.53003859,49.65724226
18.53579863,49.69954784
18.54155867,49.74185342
18.5473187,49.6629239
18.55307874,49.70522948
18.55883878,49.74753506
18.56459881,49.78984064
18.57035885,49.83214623
18.57611889,49.87445181
18.58187892,49.91675739
18.58763896,49.95906297
18.593399,50.00136856
18.59915903,50.04367414
18.60491907,50.05554086
18.61067911,50.09784644
18.61643915,50.14015202
18.62219918,50.1824576
18.62795922,50.22476318
18.63371926,50.26706877
18.63947929,50.30937435
18.64523933,50.35167993
18.65099937,50.39398551
18.6567594,50.4362911
18.66251944,50.54624331
18.66827948,50.58854889
18.67403951,50.63085447
18.67979955,50.67316005
18.68555959,50.71546564
18.69131962,50.75777122
18.69707966,50.8000768
18.7028397,50.84238238
18.70859974,50.88468796
18.71435977,50.92699355
18.72011981,50.878193
18.72587985,50.92049858
18.73163988,50.96280417
18.73739992,51.00510975
18.74315996,51.04741533
18.74891999,51.08972091
18.75468003,51.13202649
18.76044007,51.17433208
18.7662001,51.21663766
18.77196014,51.25894324
18.77772018,51.23752498
18.78348021,51.27983057
18.78924025,51.32213615
18.79500029,51.36444173
18.80076032,51.40674731
18.80652036,51.4490529
18.8122804,51.49135848
18.81804044,51.53366406
18.82380047,51.57596964
18.82956051,51.61827522
18.83532055,51.59358569
18.84108058,51.63589127
18.84684062,51.67819685
18.85260066,51.72050243
18.85836069,51.76280802
18.86412073,51.8051136
18.86988077,51.84741918
18.8756408,51.88972476
18.88140084,51.93203035
18.88716088,51.97433593
18.89292091,52.13922828
18.89868095,52.18153387
18.90444099,52.22383945
18.91020103,52.26614503
18.91596106,52.30845061
18.9217211,52.35075619
18.92748114,52.39306178
18.93324117,52.43536736
18.93900121,52.47767294
18.94476125,52.51997852
18.95052128,52.48523506
18.95628132,52.52754065
18.96204136,52.56984623
18.96780139,52.61215181
18.97356143,52.65445739
18.97932147,52.69676298
18.9850815,52.73906856
18.99084154,52.78137414
18.99660158,52.82367972
19.00236162,52.86598531
19.00812165,53.19428086
19.01388169,53.23658644
19.01964173,53.27889202
19.02540176,53.3211976
19.0311618,53.36350319
19.03692184,53.40580877
19.04268187,53.44811435
19.04844191,53.49041993
19.05420195,53.53272551
19.05996198,53.5750311
19.06572202,53.62270209
19.07148206,53.66500767
19.07724209,53.70731325
19.08300213,53.74961883
19.08876217,53.79192442
19.0945222,53.83423
19.10028224,53.87653558
19.10604228,53.91884116
19.11180232,53.96114674
19.11756235,54.00345233
19.12332239,53.92752333
19.12908243,53.96982891
19.13484246,54.01213449
19.1406025,54.05444007
19.14636254,54.09674566
19.15212257,54.13905124
19.15788261,54.18135682
19.16364265,54.2236624
19.16940268,54.26596798
19.17516272,54.30827357
19.18092276,54.38801325
19.18668279,54.43031883
19.19244283,54.47262441
19.19820287,54.51492999
19.20396291,54.55723557
19.20972294,54.59954116
19.21548298,54.64184674
19.22124302,54.68415232
19.22700305,54.7264579
19.23276309,54.76876349
19.23852313,54.71178527
19.24428316,54.75409085
19.2500432,54.79639644
19.25580324,54.83870202
19.26156327,54.8810076
19.26732331,54.92331318
19.27308335,54.96561876
19.27884338,55.00792435
19.28460342,55.05022993
19.29036346,55.09253551
19.2961235,55.16370619
19.30188353,55.20601178
19.30764357,55.24831736
19.31340361,55.29062294
19.31916364,55.33292852
19.32492368,55.37523411
19.33068372,55.41753969
19.33644375,55.45984527
19.34220379,55.50215085
19.34796383,55.54445643
19.35372386,55.48092614
19.3594839,55.52323173
19.36524394,55.56553731
19.37100397,55.60784289
19.37676401,55.65014847
19.38252405,55.69245405
19.38828409,55.73475964
19.39404412,55.77706522
19.39980416,55.8193708
19.4055642,55.86167638
19.41132423,55.80048876
19.41708427,55.84279435
19.42284431,55.88509993
19.42860434,55.92740551
19.43436438,55.96971109
19.44012442,56.01201668
19.44588445,56.05432226
19.45164449,56.09662784
19.45740453,56.13893342
19.46316456,56.181239
19.4689246,56.25978249
19.47468464,56.30208807
19.48044467,56.34439366
19.48620471,56.38669924
19.49196475,56.42900482
19.49772479,56.4713104
19.50348482,56.51361599
19.50924486,56.55592157
19.5150049,56.59822715
19.52076493,56.64053273
19.52652497,56.56243874
19.53228501,56.60474433
19.53804504,56.64704991
19.54380508,56.68935549
19.54956512,56.73166107
19.55532515,56.77396666
19.56108519,56.81627224
19.56684523,56.85857782
19.57260526,56.9008834
19.5783653,56.94318898
19.58412534,57.02046648
19.58988538,57.06277206
19.59564541,57.10507764
19.60140545,57.14738322
19.60716549,57.18968881
19.61292552,57.23199439
19.61868556,57.27429997
19.6244456,57.31660555
19.63020563,57.35891114
19.63596567,57.40121672
19.64172571,57.47203521
19.64748574,57.51434079
19.65324578,57.55664637
19.65900582,57.59895195
19.66476585,57.64125754
19.67052589,57.68356312
19.67628593,57.7258687
19.68204597,57.76817428
19.687806,57.81047986
19.69356604,57.85278545
19.69932608,58.28484813
19.70508611,58.32715371
19.71084615,58.3694593
19.71660619,58.41176488
19.72236622,58.45407046
19.72812626,58.49637604
19.7338863,58.53868162
19.73964633,58.58098721
19.74540637,58.62329279
19.75116641,58.66559837
19.75692644,58.60313312
19.76268648,58.64543871
19.76844652,58.68774429
19.77420655,58.73004987
19.77996659,58.77235545
19.78572663,58.81466103
19.79148667,58.85696662
19.7972467,58.8992722
19.80300674,58.94157778
19.80876678,58.98388336
19.81452681,59.04346866
19.82028685,59.08577424
19.82604689,59.12807983
19.83180692,59.17038541
19.83756696,59.21269099
19.843327,59.25499657
19.84908703,59.29730216
19.85484707,59.33960774
19.86060711,59.38191332
19.86636714,59.4242189
19.87212718,59.35970712
19.87788722,59.4020127
19.88364726,59.44431829
19.88940729,59.48662387
19.89516733,59.52892945
19.90092737,59.57123503
19.9066874,59.61354061
19.91244744,59.6558462
19.91820748,59.69815178
19.92396751,59.74045736
19.92972755,59.84909598
19.93548759,59.89140157
19.94124762,59.93370715
19.94700766,59.97601273
19.9527677,60.01831831
19.95852773,60.0606239
19.96428777,60.10292948
19.97004781,60.14523506
19.97580785,60.18754064
19.98156788,60.22984622
19.98732792,60.16091774
19.99308796,60.20322332
19.99884799,60.2455289
20.00460803,60.28783449
20.01036807,60.33014007
20.0161281,60.37244565
20.02188814,60.41475123
20.02764818,60.45705682
20.03340821,60.4993624
20.03916825,60.54166798
20.04492829,60.63785607
20.05068832,60.68016165
20.05644836,60.72246723
20.0622084,60.76477282
20.06796843,60.8070784
20.07372847,60.84938398
20.07948851,60.89168956
20.08524855,60.93399514
20.09100858,60.97630073
20.09676862,61.01860631
20.10252866,60.96016432
20.10828869,61.0024699
20.11404873,61.04477549
20.11980877,61.08708107
20.1255688,61.12938665
20.13132884,61.17169223
20.13708888,61.21399782
20.14284891,61.2563034
20.14860895,61.29860898
20.15436899,61.34091456
20.16012902,61.26831607
20.16588906,61.31062165
20.1716491,61.35292723
20.17740914,61.39523282
20.18316917,61.4375384
20.18892921,61.47984398
20.19468925,61.52214956
20.20044928,61.56445514
20.20620932,61.60676073
20.21196936,61.64906631
20.21772939,61.71510744
20.22348943,61.75741302
20.22924947,61.7997186
20.2350095,61.84202419
20.24076954,61.88432977
20.24652958,61.92663535
20.25228961,61.96894093
20.25804965,62.01124652
20.26380969,62.0535521
20.26956973,62.09585768
20.27532976,62.03052517
20.2810898,62.07283075
20.28684984,62.11513634
20.29260987,62.15744192
20.29836991,62.1997475
20.30412995,62.24205308
20.30988998,62.28435866
20.31565002,62.32666425
20.32141006,62.36896983
20.32717009,62.41127541
20.33293013,62.51480246
20.33869017,62.55710804
20.3444502,62.59941363
20.35021024,62.64171921
20.35597028,62.68402479
20.36173032,62.72633037
20.36749035,62.76863595
20.37325039,62.81094154
20.37901043,62.85324712
20.38477046,62.8955527
20.3905305,63.42906629
20.39629054,63.47137187
20.40205057,63.51367745
20.40781061,63.55598303
20.41357065,63.59828862
20.41933068,63.6405942
20.42509072,63.68289978
20.43085076,63.72520536
20.43661079,63.76751095
20.44237083,63.80981653
20.44813087,63.74073363
20.4538909,63.78303921
20.45965094,63.82534479
20.46541098,63.86765038
20.47117102,63.90995596
20.47693105,63.95226154
20.48269109,63.99456712
20.48845113,64.0368727
20.49421116,64.07917829
20.4999712,64.12148387
20.50573124,64.19995438
20.51149127,64.24225996
20.51725131,64.28456554
20.52301135,64.32687113
20.52877138,64.36917671
20.53453142,64.41148229
20.54029146,64.45378787
20.54605149,64.49609346
20.55181153,64.53839904
20.55757157,64.58070462
20.56333161,64.65542474
20.56909164,64.69773032
20.57485168,64.74003591
20.58061172,64.78234149
20.58637175,64.82464707
20.59213179,64.86695265
20.59789183,64.90925823
20.60365186,64.95156382
20.6094119,64.9938694
20.61517194,65.03617498
20.62093197,64.97026712
20.62669201,65.0125727
20.63245205,65.05487828
20.63821208,65.09718386
20.64397212,65.13948945
20.64973216,65.18179503
20.6554922,65.22410061
20.66125223,65.26640619
20.66701227,65.30871177
20.67277231,65.35101736
20.67853234,65.42847782
20.68429238,65.4707834
20.69005242,65.51308899
20.69581245,65.55539457
20.70157249,65.59770015
20.70733253,65.64000573
20.71309256,65.68231132
20.7188526,65.7246169
20.72461264,65.76692248
20.73037267,65.80922806
20.73613271,65.7320024
20.74189275,65.77430798
20.74765278,65.81661356
20.75341282,65.85891914
20.75917286,65.90122472
20.7649329,65.94353031
20.77069293,65.98583589
20.77645297,66.02814147
20.78221301,66.07044705
20.78797304,66.11275264
20.79373308,66.20491958
20.79949312,66.24722516
20.80525315,66.28953074
20.81101319,66.33183633
20.81677323,66.37414191
20.82253326,66.41644749
20.8282933,66.45875307
20.83405334,66.50105866
20.83981337,66.54336424
20.84557341,66.58566982
20.85133345,66.52197031
20.85709349,66.56427589
20.86285352,66.60658147
20.86861356,66.64888705
20.8743736,66.69119263
20.88013363,66.73349822
20.88589367,66.7758038
20.89165371,66.81810938
20.89741374,66.86041496
20.90317378,66.90272055
20.90893382,66.98188381
20.91469385,67.02418939
20.92045389,67.06649498
20.92621393,67.10880056
20.93197396,67.15110614
20.937734,67.19341172
20.94349404,67.2357173
20.94925408,67.27802289
20.95501411,67.32032847
20.96077415,67.36263405
20.96653419,67.30349508
20.97229422,67.34580066
20.97805426,67.38810624
20.9838143,67.43041183
20.98957433,67.47271741
20.99533437,67.51502299
21.00109441,67.55732857
21.00685444,67.59963415
21.01261448,67.64193974
21.01837452,67.68424532
21.02413455,67.78800611
21.02989459,67.83031169
21.03565463,67.87261727
21.04141467,67.91492285
21.0471747,67.95722844
21.05293474,67.99953402
21.05869478,68.0418396
21.06445481,68.08414518
21.07021485,68.12645077
21.07597489,68.16875635
21.08173492,68.40012664
21.08749496,68.44243222
21.093255,68.4847378
21.09901503,68.52704338
21.10477507,68.56934897
21.11053511,68.61165455
21.11629514,68.65396013
21.12205518,68.69626571
21.12781522,68.7385713
21.13357525,68.78087688
21.13933529,68.7158807
21.14509533,68.75818628
21.15085537,68.80049186
21.1566154,68.84279744
21.16237544,68.88510303
21.16813548,68.92740861
21.17389551,68.96971419
21.17965555,69.01201977
21.18541559,69.05432536
21.19117562,69.09663094
21.19693566,69.17822043
21.2026957,69.22052601
21.20845573,69.26283159
21.21421577,69.30513717
21.21997581,69.34744276
21.22573584,69.38974834
21.23149588,69.43205392
21.23725592,69.4743595
21.24301596,69.51666509
21.24877599,69.55897067
21.25453603,69.49380738
21.26029607,69.53611296
21.2660561,69.57841855
21.27181614,69.62072413
21.27757618,69.66302971
21.28333621,69.70533529
21.28909625,69.74764087
21.29485629,69.78994646
21.30061632,69.83225204
21.30637636,69.87455762
21.3121364,69.80312888
21.31789643,69.84543446
21.32365647,69.88774004
21.32941651,69.93004562
21.33517655,69.97235121
21.34093658,70.01465679
21.34669662,70.05696237
21.35245666,70.09926795
21.35821669,70.14157354
21.36397673,70.18387912
21.36973677,70.28315763
21.3754968,70.32546321
21.38125684,70.36776879
21.38701688,70.41007438
21.39277691,70.45237996
21.39853695,70.49468554
21.40429699,70.53699112
21.41005702,70.57929671
21.41581706,70.62160229
21.4215771,70.66390787
21.42733713,70.57489375
21.43309717,70.61719933
21.43885721,70.65950492
21.44461725,70.7018105
21.45037728,70.74411608
21.45613732,70.78642166
21.46189736,70.82872725
21.46765739,70.87103283
21.47341743,70.91333841
21.47917747,70.95564399
21.4849375,70.99328962
21.49069754,71.0355952
21.49645758,71.07790078
21.50221761,71.12020636
21.50797765,71.16251195
21.51373769,71.20481753
21.51949772,71.24712311
21.52525776,71.28942869
21.5310178,71.33173428
21.53677784,71.37403986
21.54253787,71.47573084
21.54829791,71.51803643
21.55405795,71.56034201
21.55981798,71.60264759
21.56557802,71.64495317
21.57133806,71.68725876
21.57709809,71.72956434
21.58285813,71.77186992
21.58861817,71.8141755
21.5943782,71.85648109
21.60013824,71.82797135
21.60589828,71.87027694
21.61165831,71.91258252
21.61741835,71.9548881
21.62317839,71.99719368
21.62893843,72.03949927
21.63469846,72.08180485
21.6404585,72.12411043
21.64621854,72.16641601
21.65197857,72.20872159
21.65773861,72.13557101
21.66349865,72.1778766
21.66925868,72.22018218
21.67501872,72.26248776
21.68077876,72.30479334
21.68653879,72.34709893
21.69229883,72.38940451
21.69805887,72.43171009
21.7038189,72.47401567
21.70957894,72.51632125
21.71533898,72.62346332
21.72109902,72.6657689
21.72685905,72.70807448
21.73261909,72.75038006
21.73837913,72.79268565
21.74413916,72.83499123
21.7498992,72.87729681
21.75565924,72.91960239
21.76141927,72.96190797
21.76717931,73.00421356
21.77293935,73.46524393
21.77869938,73.50754951
21.78445942,73.5498551
21.79021946,73.59216068
21.79597949,73.63446626
21.80173953,73.67677184
21.80749957,73.71907742
21.8132596,73.76138301
21.81901964,73.80368859
21.82477968,73.84599417
21.83053972,73.76582192
21.83629975,73.8081275
21.84205979,73.85043309
21.84781983,73.89273867
21.85357986,73.93504425
21.8593399,73.97734983
21.86509994,74.01965541
21.87085997,74.061961
21.87662001,74.10426658
21.88238005,74.14657216
21.88814008,74.20911356
21.89390012,74.25141914
21.89966016,74.29372473
21.90542019,74.33603031
21.91118023,74.37833589
21.91694027,74.42064147
21.92270031,74.46294706
21.92846034,74.50525264
21.93422038,74.54755822
21.93998042,74.5898638
21.94574045,74.51787451
21.95150049,74.56018009
21.95726053,74.60248567
21.96302056,74.64479126
21.9687806,74.68709684
21.97454064,74.72940242
21.98030067,74.771708
21.98606071,74.81401359
21.99182075,74.85631917
21.99758078,74.89862475
22.00334082,74.9842301
22.00910086,75.02653568
22.0148609,75.06884126
22.02062093,75.11114684
22.02638097,75.15345243
22.03214101,75.19575801
22.03790104,75.23806359
22.04366108,75.28036917
22.04942112,75.32267476
22.05518115,75.36498034
22.06094119,75.27379277
22.06670123,75.31609835
22.07246126,75.35840394
22.0782213,75.40070952
22.08398134,75.4430151
22.08974137,75.48532068
22.09550141,75.52762627
22.10126145,75.56993185
22.10702148,75.61223743
22.11278152,75.65454301
22.11854156,75.76216947
22.1243016,75.80447506
22.13006163,75.84678064
22.13582167,75.88908622
22.14158171,75.9313918
22.14734174,75.97369738
22.15310178,76.01600297
22.15886182,76.05830855
22.16462185,76.10061413
22.17038189,76.14291971
22.17614193,76.0693006
22.18190196,76.11160618
22.187662,76.15391176
22.19342204,76.19621734
22.19918207,76.23852293
22.20494211,76.28082851
22.21070215,76.32313409
22.21646219,76.36543967
22.22222222,76.40774526
22.22798226,76.45005084
22.2337423,76.49254574
22.23950233,76.53485132
22.24526237,76.5771569
22.25102241,76.61946249
22.25678244,76.66176807
22.26254248,76.70407365
22.26830252,76.74637923
22.27406255,76.78868482
22.27982259,76.8309904
22.28558263,76.87329598
22.29134266,76.78149604
22.2971027,76.82380162
22.30286274,76.86610721
22.30862278,76.90841279
22.31438281,76.95071837
22.32014285,76.99302395
22.32590289,77.03532953
22.33166292,77.07763512
22.33742296,77.1199407
22.343183,77.16224628
22.34894303,77.1999945
22.35470307,77.24230008
22.36046311,77.28460566
22.36622314,77.32691124
22.37198318,77.36921683
22.37774322,77.41152241
22.38350325,77.45382799
22.38926329,77.49613357
22.39502333,77.53843915
22.40078337,77.58074474
22.4065434,77.51126734
22.41230344,77.55357292
22.41806348,77.5958785
22.42382351,77.63818408
22.42958355,77.68048967
22.43534359,77.72279525
22.44110362,77.76510083
22.44686366,77.80740641
22.4526237,77.849712
22.45838373,77.89201758
22.46414377,78.46440153
22.46990381,78.50670711
22.47566384,78.5490127
22.48142388,78.59131828
22.48718392,78.63362386
22.49294395,78.67592944
22.49870399,78.71823503
22.50446403,78.76054061
22.51022407,78.80284619
22.5159841,78.84515177
22.52174414,78.91541817
22.52750418,78.95772376
22.53326421,79.00002934
22.53902425,79.04233492
22.54478429,79.0846405
22.55054432,79.12694609
22.55630436,79.16925167
22.5620644,79.21155725
22.56782443,79.25386283
22.57358447,79.29616841
22.57934451,79.23820131
22.58510454,79.28050689
22.59086458,79.32281247
22.59662462,79.36511805
22.60238466,79.40742364
22.60814469,79.44972922
22.61390473,79.4920348
22.61966477,79.53434038
22.6254248,79.57664596
22.63118484,79.61895155
22.63694488,79.65646179
22.64270491,79.69876738
22.64846495,79.74107296
22.65422499,79.78337854
22.65998502,79.82568412
22.66574506,79.8679897
22.6715051,79.91029529
22.67726513,79.95260087
22.68302517,79.99490645
22.68878521,80.03721203
22.69454525,79.95621271
22.70030528,79.99851829
22.70606532,80.04082387
22.71182536,80.08312946
22.71758539,80.12543504
22.72334543,80.16774062
22.72910547,80.2100462
22.7348655,80.25235178
22.74062554,80.29465737
22.74638558,80.33696295
22.75214561,80.42068041
22.75790565,80.46298599
22.76366569,80.50529157
22.76942572,80.54759716
22.77518576,80.58990274
22.7809458,80.63220832
22.78670583,80.6745139
22.79246587,80.71681949
22.79822591,80.75912507
22.80398595,80.80143065
22.80974598,80.88168434
22.81550602,80.92398992
22.82126606,80.96629551
22.82702609,81.00860109
22.83278613,81.05090667
22.83854617,81.09321225
22.8443062,81.13551784
22.85006624,81.17782342
22.85582628,81.220129
22.86158631,81.26243458
22.86734635,81.19826653
22.87310639,81.24057212
22.87886642,81.2828777
22.88462646,81.32518328
22.8903865,81.36748886
22.89614654,81.40979445
22.90190657,81.45210003
22.90766661,81.49440561
22.91342665,81.53671119
22.91918668,81.57901677
22.92494672,81.68000126
22.93070676,81.72230684
22.93646679,81.76461242
22.94222683,81.80691801
22.94798687,81.84922359
22.9537469,81.89152917
22.95950694,81.93383475
22.96526698,81.97614033
22.97102701,82.01844592
22.97678705,82.0607515
22.98254709,81.99547927
22.98830713,82.03778486
22.99406716,82.08009044
22.9998272,82.12239602
23.00558724,82.1647016
23.01134727,82.20700719
23.01710731,82.24931277
23.02286735,82.29161835
23.02862738,82.33392393
23.03438742,82.37622952
23.04014746,82.45979362
23.04590749,82.5020992
23.05166753,82.54440478
23.05742757,82.58671037
23.0631876,82.62901595
23.06894764,82.67132153
23.07470768,82.71362711
23.08046771,82.75593269
23.08622775,82.79823828
23.09198779,82.84054386
23.09774783,82.79350428
23.10350786,82.83580987
23.1092679,82.87811545
23.11502794,82.92042103
23.12078797,82.96272661
23.12654801,83.00503219
23.13230805,83.04733778
23.13806808,83.08964336
23.14382812,83.13194894
23.14958816,83.17425452
23.15534819,83.66328908
23.16110823,83.70559466
23.16686827,83.74790024
23.1726283,83.79020582
23.17838834,83.83251141
23.18414838,83.87481699
23.18990842,83.91712257
23.19566845,83.95942815
23.20142849,84.00173374
23.20718853,84.04403932
23.21294856,84.12106827
23.2187086,84.16337385
23.22446864,84.20567943
23.23022867,84.24798501
23.23598871,84.2902906
23.24174875,84.33259618
23.24750878,84.37490176
23.25326882,84.41720734
23.25902886,84.45951292
23.26478889,84.50181851
23.27054893,84.42242256
23.27630897,84.46472815
23.28206901,84.50703373
23.28782904,84.54933931
23.29358908,84.59164489
23.29934912,84.63395048
23.30510915,84.67625606
23.31086919,84.71856164
23.31662923,84.76086722
23.32238926,84.8031728
23.3281493,84.89759569
23.33390934,84.93990128
23.33966937,84.98220686
23.34542941,85.02451244
23.35118945,85.06681802
23.35694948,85.1091236
23.36270952,85.15142919
23.36846956,85.19373477
23.3742296,85.23604035
23.37998963,85.27834593
23.38574967,85.21698909
23.39150971,85.25929467
23.39726974,85.30160026
23.40302978,85.34390584
23.40878982,85.38621142
23.41454985,85.428517
23.42030989,85.47082259
23.42606993,85.51312817
23.43182996,85.55543375
23.43759,85.59773933
23.44335004,85.66260754
23.44911007,85.70491312
23.45487011,85.7472187
23.46063015,85.78952429
23.46639018,85.83182987
23.47215022,85.87413545
23.47791026,85.91644103
23.4836703,85.95874662
23.48943033,86.0010522
23.49519037,86.04335778
23.50095041,85.97587086
23.50671044,86.01817644
23.51247048,86.06048202
23.51823052,86.10278761
23.52399055,86.14509319
23.52975059,86.18739877
23.53551063,86.22970435
23.54127066,86.27200993
23.5470307,86.31431552
23.55279074,86.3566211
23.55855077,86.43245068
23.56431081,86.47475627
23.57007085,86.51706185
23.57583089,86.55936743
23.58159092,86.60167301
23.58735096,86.6439786
